comment,likes,replies,location,image_url
可是当你回到家乡，你会慢慢发现，其实你一直思念的不是家乡，而是童年里的某段时光！,7077,287,广东,https://p3-sign.douyinpic.com/tos-cn-i-p14lwwcsbr/97df772031174ce59b6e5748ddd78daf~tplv-p14lwwcsbr-1.image?x-expires=1697151600&x-signature=3mOag9hJflFVGUFwnYALXAknsVM%3D&from=2064092626&se=false&sc=thumb&biz_tag=aweme_comment&l=20231013012014259314D2A89499459E49
其实农村环境真的很好，回老家清晨拍的,4349,328,安徽,https://p26-sign.douyinpic.com/tos-cn-i-p14lwwcsbr/90296269dc9e4b08a7a4a123e825a88b~tplv-p14lwwcsbr-1.image?x-expires=1697151600&x-signature=SUwd7euBlvGrAH9wVToRkTQWsFo%3D&from=2064092626&se=false&sc=thumb&biz_tag=aweme_comment&l=20231013012014259314D2A89499459E49
很想在老家 可是要生活啊,0,,四川,https://p6-sign.douyinpic.com/tos-cn-i-p14lwwcsbr/b6ee08eae6e54df4813ace8c8edc9890~tplv-p14lwwcsbr-1.image?x-expires=1697151600&x-signature=sXtlG6bHC6y9PiRz2M9YUF2trug%3D&from=2064092626&se=false&sc=thumb&biz_tag=aweme_comment&l=20231013012014259314D2A89499459E49
怎么从这过去不被议论,6532,3174,河南,https://p3-sign.douyinpic.com/tos-cn-i-p14lwwcsbr/0c7bb33a65fb45b38aa734936b1a5bae~tplv-p14lwwcsbr-1.image?x-expires=1697151600&x-signature=HOdfMiZFrb7lDzA4WM7lmom%2BLRc%3D&from=2064092626&se=false&sc=thumb&biz_tag=aweme_comment&l=20231013012014259314D2A89499459E49
回家后发现以前的长辈相继离世了，路上的小朋友一个都不认识，童年的小伙伴早已各奔东西，那种孤独感落寞感涌上心头，所以，我们怀念的不是那个地方，而是存在于脑海里的记忆，那回不去的童年时光,8886,394,江苏,
去年夏天我们三姐妹带着各自的娃回老家，饭后陪妈妈散步，真的好治愈。,918,113,广东,https://p26-sign.douyinpic.com/tos-cn-i-p14lwwcsbr/5b443d9a72454028b0b09e0677016752~tplv-p14lwwcsbr-1.image?x-expires=1697151600&x-signature=JEbNKW55SsQ5siFDgwsl8uRMdIU%3D&from=2064092626&se=false&sc=thumb&biz_tag=aweme_comment&l=202310130120167EC482143DD2D737B3DE
这是我阿爸妈妈，开心的爸爸妈妈,1681,42,黑龙江,https://p3-sign.douyinpic.com/tos-cn-i-p14lwwcsbr/e35efe6095524001a6f9ab34d1a50bdb~tplv-p14lwwcsbr-1.image?x-expires=1697151600&x-signature=hUapYUSf9auZFMoXeryi1O7%2Bgpw%3D&from=2064092626&se=false&sc=thumb&biz_tag=aweme_comment&l=202310130120167EC482143DD2D737B3DE
干活时候拍的，娃儿和他爸，一点不向往那点地不管吧心里过意不去，管吧，打的粮食不够那点功夫钱，娃爸说有那三天时间上三天班挣的比那点地一年挣得多,415,11,陕西,https://p9-sign.douyinpic.com/tos-cn-i-p14lwwcsbr/08c64fba3e2b4eff85517ab6823adb37~tplv-p14lwwcsbr-1.image?x-expires=1697151600&x-signature=H%2BduGohGbOz%2FWnjbagNZ23Wqlxc%3D&from=2064092626&se=false&sc=thumb&biz_tag=aweme_comment&l=202310130120167EC482143DD2D737B3DE
大家猜猜这是啥树,1127,267,天津,https://p3-sign.douyinpic.com/tos-cn-i-p14lwwcsbr/6aa4e0dd95cf4d1ca159bcbc2e7fe281~tplv-p14lwwcsbr-1.image?x-expires=1697151600&x-signature=5%2Fg7vdI6fUK7Z58YVLchT82hKeo%3D&from=2064092626&se=false&sc=thumb&biz_tag=aweme_comment&l=202310130120167EC482143DD2D737B3DE
,0,,江苏,https://p3-sign.douyinpic.com/tos-cn-i-p14lwwcsbr/b04acd410349411a9285535a6ff7885a~tplv-p14lwwcsbr-1.image?x-expires=1697151600&x-signature=3Kt%2FqaLdoBuH2dqCsi7HVn7vaHk%3D&from=2064092626&se=false&sc=thumb&biz_tag=aweme_comment&l=202310130120167EC482143DD2D737B3DE
儿时留守儿童，中年留守妇女，老年留守老人，感觉这一辈子都在被留守，想想都心酸，,95,27,河南,https://p3-sign.douyinpic.com/tos-cn-i-p14lwwcsbr/871f10b9e7914939b907fba5b78f7f13~tplv-p14lwwcsbr-1.jpeg?x-expires=1697151600&x-signature=HuQT%2F7tlRTd4GPcUYP5jN4RRd8A%3D&from=2064092626&se=false&sc=thumb&biz_tag=aweme_comment&l=202310130120167EC482143DD2D737B3DE
去年老家拍的，不知道分享给谁,853,70,河南,https://p6-sign.douyinpic.com/tos-cn-i-p14lwwcsbr/c337c156614c44ec924c7b32a50a8208~tplv-p14lwwcsbr-1.image?x-expires=1697151600&x-signature=A9u7nLqrHnA0CxpWU%2FJVw6%2FEmrw%3D&from=2064092626&se=false&sc=thumb&biz_tag=aweme_comment&l=202310130120167EC482143DD2D737B3DE
全网找一个一单李佳琦的货没买过，一单薇娅的没买过，一单小杨哥也没买过的朋友,473,233,广东,
我家这种祖祖辈辈生活在北京的人，永远没有老家的这种感觉。我甚至羡慕那些春运抢票的人们，每年都有个盼头！我什么盼头都没有，甚至不喜欢过节，大街上都没人，空空荡荡！仅仅我自己的感触，勿喷,1417,809,北京,
只是再也找不到妈妈了,555,155,上海,https://p26-sign.douyinpic.com/tos-cn-i-p14lwwcsbr/6887d110d2934e50aea95c0812bd5f09~tplv-p14lwwcsbr-1.image?x-expires=1697151600&x-signature=VjzMkTy19YLHxKlA2pSSKpCYkaU%3D&from=2064092626&se=false&sc=thumb&biz_tag=aweme_comment&l=202310130120167EC482143DD2D737B3DE
女孩子是没有老家回的……,6744,1313,河北,
大河南的景色,0,,河南,
这芝麻得有一米八,0,,山东,
音乐响起，有种想哭的感觉,0,,广东,
回到老家 觉得呼吸的空气都是甜的,0,,广西,
是不是老家的路都一样,0,,江苏,
怀旧是一种怀念过去的情感。我们的思绪回到了之前的地方。想起过去心里有着淡淡的伤感，但更多的是温暖和舒适。当我们怀旧的时候会想起和家人朋友一起度过的美好时光。想起那些帮助过我们的人和爱我们的人，这样让我们会觉得和他人之间的社会关系更加紧密了，让我们有一种归属感和认同感，感到自己是社会大家庭中的一份子。同时回想自己的成长历程，让我们感受到了过去和现在的联系。第一次离开父母，第一次和爱人约会，第一次的成功与失败，我们的生命是一个连续的过程。无数的过往造就了今天的我，而不仅仅是当下的柴米油盐一地鸡毛。这能让我们感觉自己的人生是有意义的，更能找到自己人生的方向。所以怀旧能帮助我们应对生活中的压力，获得心灵上的平静。但需要注意的是，怀旧也需要适度，过度的沉浸于过去的日子，其实也是一种对当下现实的逃避。我们应该尝试着通过怀旧，从过去吸取力量，从而对当下的生活做出改变，实现我们人生的理想。当你感到迷茫，不知道该做什么的时候，不妨回忆一下你的过去，去以前的老地方看一看，当你想起你是怎样成为今天的你的时候，或许也就找到了努力的方向。,0,,河南,
,0,,陕西,https://p26-sign.douyinpic.com/tos-cn-i-p14lwwcsbr/5b508de2e60d4adb80e954c80999cdb0~tplv-p14lwwcsbr-1.image?x-expires=1697151600&x-signature=vW9CPM2mXuPu58ca7DG5P2IIq%2F0%3D&from=2064092626&se=false&sc=thumb&biz_tag=aweme_comment&l=202310130120167EC482143DD2D737B3DE
抱抱我吧，这个世界就剩我一个人了，9岁爸爸去世，16岁妈妈也去世了，一个人生活现在44岁没有结婚，孤单单的一个人，可能习惯了孤独，感觉一个人也挺好的，再过几年可能就要去养老院了，如果能没有病痛安静的离去不会选择多活十年，因为那样会更累,0,,黑龙江,
,0,,广东,https://p26-sign.douyinpic.com/tos-cn-i-p14lwwcsbr/4dd4a6be2422459aa6fed78afea8cbb6~tplv-p14lwwcsbr-1.image?x-expires=1697151600&x-signature=kJj05zmjbPJKXbcYmH0dQfdTUKo%3D&from=2064092626&se=false&sc=thumb&biz_tag=aweme_comment&l=202310130120181E3C72E18A8D27392BFD
你的老家是哪里我想去看看,0,,河北,
,0,,中国,https://p3-sign.douyinpic.com/tos-cn-i-p14lwwcsbr/5a652ae656ff4dbfb0a1521a9f445703~tplv-p14lwwcsbr-1.image?x-expires=1697151600&x-signature=ZdOjNp4Ek%2BG%2FxlbgTRkAEXaUlrQ%3D&from=2064092626&se=false&sc=thumb&biz_tag=aweme_comment&l=202310130120181E3C72E18A8D27392BFD
谁都说自己的家乡好，到底是故乡美还是故乡的人更好？,0,,北京,
好怀念小时候,0,,河南,
,0,,IP未知,https://p3-sign.douyinpic.com/tos-cn-i-p14lwwcsbr/af594992d6554b4a9691c36182381440~tplv-p14lwwcsbr-1.image?x-expires=1697151600&x-signature=ejV5dnAs4rRsD6qls3%2BBY48cBKk%3D&from=2064092626&se=false&sc=thumb&biz_tag=aweme_comment&l=202310130120181E3C72E18A8D27392BFD
门口的草比我还高,0,,四川,https://p26-sign.douyinpic.com/tos-cn-i-p14lwwcsbr/18778242612146789b11f20d98387546~tplv-p14lwwcsbr-1.image?x-expires=1697151600&x-signature=EN5m1EYmN06eGtP2cV0LFgmC8k8%3D&from=2064092626&se=false&sc=thumb&biz_tag=aweme_comment&l=202310130120181E3C72E18A8D27392BFD
,0,,河南,https://p26-sign.douyinpic.com/tos-cn-i-p14lwwcsbr/5ea44dc282564f81ada17ef76bf0d12f~tplv-p14lwwcsbr-1.image?x-expires=1697151600&x-signature=8A%2BMygYd%2BeTqS7tBWbTG3T0nsS8%3D&from=2064092626&se=false&sc=thumb&biz_tag=aweme_comment&l=202310130120181E3C72E18A8D27392BFD
童年的回忆,0,,河北,
老家空气好,0,,福建,
,0,,广东,https://p3-sign.douyinpic.com/tos-cn-i-p14lwwcsbr/e49ad3c4965c43dfbbe3d02db3c02825~tplv-p14lwwcsbr-1.image?x-expires=1697151600&x-signature=taGudsVzP0%2FSUzkr3i0ZaM1ooDY%3D&from=2064092626&se=false&sc=thumb&biz_tag=aweme_comment&l=202310130120181E3C72E18A8D27392BFD
我也想有老家回，我也想有娘家回！,0,,广东,
这是什么曲子？,0,,江苏,
我一边为了生活，一边为了拯救自己,0,,河南,
我会经常梦到儿时的农村 很少会梦到现在住的商品房,0,,上海,
老家全是麻将馆,0,,湖南,
少小离家老大回，安能辨我是雌雄,0,,广东,
我真没买过,0,,广东,
喜欢老家的风景，很恬静,0,,陕西,
什么音乐呀？搜不到,0,1,吉林,
我,0,,河北,
可是当你回到家乡，你会慢慢发现，其实你一直思念的不是家乡，而是童年里的某段时光！,0,,北京,
等老家新房盖好，我就回去舒舒服服睡上一觉,0,,广东,
立刻马上就想一个人在田间地头走一走……,0,,山东,
桂花,0,,河南,
我,0,,河北,
小时候不懂，为什么一根绳子可以拴住一头牛，让它在田里劳作一整天，现如今，一把无形的枷锁把我困在这白天与昼夜之间，后来才明白，原来牛和我都有着各自致命的弱点，牛的鼻子太软，怕疼，我的人生太短，怕穷，牛的一辈子只为青草，而我用尽一生只图温饱，空有人间自由身，却非人间自由人，看似自由自在，实则身不由己!,0,,陕西,
是的,0,,安徽,
唯自由与心，不可辜负,0,,湖北,
我就喜欢老家的生活,0,,重庆,
看到这样的场景，听到这样的音乐，心都要碎了，是感动，是温暖，是无助，是心酸，是可望不可即,0,,陕西,
回来，你就被议论,0,1,山东,
那一天，那些人，那条路，那些屋，那些回不去的记忆,1,,广东,
我的家乡  放假就想回去  哪怕半天,0,,四川,https://p3-sign.douyinpic.com/tos-cn-i-p14lwwcsbr/d57c04766306426ea526a5dadbffe193~tplv-p14lwwcsbr-1.image?x-expires=1697151600&x-signature=aG4mMwXJYaXWldc5OvwB7i%2BYvYs%3D&from=2064092626&se=false&sc=thumb&biz_tag=aweme_comment&l=20231013012020A262D4B387CB53473448
每次回老家前，我都满怀期待。可是每次迎接我的只有一地鸡毛。都是我的错，早就跟自己说过不要期待，却又是小心翼翼怀揣着期待返航，迎接一次又一次的伤害。是我太傻，太蠢,0,,浙江,
我一看就知道是河南   有幸认识几位好朋友兄弟，也有幸到河南待过，就是天下没有不散的筵席！感慨,0,,海南,
同名，，，,0,,河北,
广西的山,0,,广东,https://p3-sign.douyinpic.com/tos-cn-i-p14lwwcsbr/1328cf5083c64dc3a78129f2d5e242ae~tplv-p14lwwcsbr-1.image?x-expires=1697151600&x-signature=EK%2B%2FgyZBQsnwNbI8%2BQBMvsY5aJk%3D&from=2064092626&se=false&sc=thumb&biz_tag=aweme_comment&l=20231013012020A262D4B387CB53473448
点赞,0,,广东,
院子里两大棵柿子树，好多好多好多好漂亮,0,,河北,https://p26-sign.douyinpic.com/tos-cn-i-p14lwwcsbr/d8a697c2c9f74477afb5d63e80ec99cb~tplv-p14lwwcsbr-1.image?x-expires=1697151600&x-signature=vkeszzZJBRFLtoPeta18SsBLGQA%3D&from=2064092626&se=false&sc=thumb&biz_tag=aweme_comment&l=20231013012020A262D4B387CB53473448
熟悉的画面,0,,甘肃,
都说老了喜欢回忆，其实我们三十几也开始念旧了,1,,江苏,
是啊，可是又为什么当初拼了命的要逃离呢？,0,,山东,
家里的芙蓉花开了,0,,湖南,https://p3-sign.douyinpic.com/tos-cn-i-p14lwwcsbr/897bcddc988f425ca9137316f3351d71~tplv-p14lwwcsbr-1.image?x-expires=1697151600&x-signature=cN0uqiyUMYdzc6t5Ae09o3%2BXPEo%3D&from=2064092626&se=false&sc=thumb&biz_tag=aweme_comment&l=20231013012022D613C69F8168B14930A2
这怎么那么像俺们屋子后面那条路,0,,北京,
小时候总是不理解，老人为什么总喜欢坐在路边看庄稼，一坐就是半天。长大后才明白，目之所及，皆是回忆；心之所想，皆是过往；眼之所看，皆是遗憾。,0,,山东,
家里有爱吃肉肉的小孩，喜欢吃鸡腿鸡翅膀，多少家长为孩子吃饭愁白了头发。,0,,广东,https://p6-sign.douyinpic.com/tos-cn-i-p14lwwcsbr/002bd03bf21341d7ad7570dc924f7f30~tplv-p14lwwcsbr-1.image?x-expires=1697151600&x-signature=QMIFUn4V2VnETJHKhLl3Co2GFyQ%3D&from=2064092626&se=false&sc=thumb&biz_tag=aweme_comment&l=20231013012022D613C69F8168B14930A2
爷爷不在后，再也没回去过,0,,四川,
做个调查，有没有跟我一样有强迫症的，晾衣服的时候衣架必须同一个方向，一个挂反了浑身都不舒服无论如何都要调整过来，问问大家,0,,河南,
在也回不去了,0,,江西,
我每次回到村里就不怎么看手机，去街上和门口坐的大爷大妈唠唠嗑，看看别人地里的庄稼，坐在院子里晒会太阳，到了晚上躺床上早早就睡着了，心里特别踏实,2,,山西,
农村的人心比你想象的还要复杂,0,,陕西,
这是砖店时庄吧,0,,福建,
看的不是相册里的老家，而是那再也回不去的时光,0,,福建,
这是哪里？,0,,广东,
,0,,安徽,https://p9-sign.douyinpic.com/tos-cn-i-p14lwwcsbr/e93b19f015104a119db6f72f34bb6fb5~tplv-p14lwwcsbr-1.image?x-expires=1697151600&x-signature=rmsyrnEib%2BtYN1zJCt9%2FK%2FKl06Q%3D&from=2064092626&se=false&sc=thumb&biz_tag=aweme_comment&l=20231013012022D613C69F8168B14930A2
我是从县里嫁到农村的，十年了好不容易习惯了农村，要去县里买房子，我是不喜欢，我就喜欢在农村居住，把农村房子盖个小别墅，知足，过着农村的安逸生活，讨厌城市的尔虞我诈,2,3,河南,
老家只能说明环境好不能说明人有多好,0,,江苏,
今天送完孩子，我一个人回了没有娘的娘家，先去母亲的新家看看，她喜欢宽敞，把周边的草啊枝条都清理了，然后坐下来回忆回忆过去，又回家把院子还有门前打扫了，干干净净整整齐齐，想必她今天也很开心吧！,0,,河南,
老家房子已经塌了   我再也回不去了,0,,四川,
回村真的会治愈,1,,辽宁,
不赖,0,,河北,
跟我老公一个名,0,,黑龙江,
农村是非多，不像在城里谁也不认识谁，各过各的，现在的亲戚再也不是以前的亲戚了，嫌你穷怕你富,1,,河南,
好像去我家地里的那条路,0,,河南,
自从嫁人后，我的老家成了回忆,0,,湖北,https://p3-sign.douyinpic.com/tos-cn-i-p14lwwcsbr/ed4cec38030649e39c035eb6194cb460~tplv-p14lwwcsbr-1.image?x-expires=1697151600&x-signature=Ua%2FYRDtVnS4p0cqK1JZ4pPki2is%3D&from=2064092626&se=false&sc=thumb&biz_tag=aweme_comment&l=20231013012024F9CC9A9D7C3F0935C472
回到农村更累,0,,山东,
我们老家都渐变工业化了，再也没有儿时的感觉。,0,,广东,
我就在农村，每天忙碌的生活使你疲惫，就算看见这样的景象也找不出那种宁静的心境,0,,河北,
翻了翻相册好像没有呢，也不记得有多久没回过自己的老家了，回忆不断涌上心头,0,,河北,
小时候不理解老人晒太阳，一晒就是半天。长大了才明白，目之所及皆是回忆，心之所想皆是过往，眼之所看皆是遗憾。,0,,江苏,
乡村美景尽收眼底，拍的太美了,0,,湖南,
很治愈的画面,0,,江苏,
每次听这个音乐就会伤感，感慨时间过得太快了,0,,广东,
回老家走在小路上都觉得轻松，呼吸到的空气都觉得自由,0,,河北,
这个画面太治愈了，想起了小时候,1,,安徽,
山东鲁西南几乎都这样吧，小时候初中又再现了，可惜时光不可倒流……小时候盼望着早点逃出来，中年以后是自己多么可望不可及滴地方,0,,山东,
在外面漂泊了几年，还是忘不了家乡的,0,,山东,
他从尘烟中来，又回归尘烟,0,,福建,
,0,,湖北,https://p3-sign.douyinpic.com/tos-cn-i-p14lwwcsbr/d50b5f38fb3b4b97bec005e89c747490~tplv-p14lwwcsbr-1.image?x-expires=1697151600&x-signature=%2FSc4QSm8luhRRO35I%2B90eFsACBI%3D&from=2064092626&se=false&sc=thumb&biz_tag=aweme_comment&l=2023101301202605FFA1A84FC07E367244
,0,,山东,https://p6-sign.douyinpic.com/tos-cn-i-p14lwwcsbr/2dba95619d3b49cd8417d090d1364489~tplv-p14lwwcsbr-1.image?x-expires=1697151600&x-signature=Hw%2FEEqRumAAut5g%2FMbplvZOK4yg%3D&from=2064092626&se=false&sc=thumb&biz_tag=aweme_comment&l=2023101301202605FFA1A84FC07E367244
回不去了，回去也回不到童年的感觉了,2,,浙江,
治愈我的仅仅是风景 除此之外老家并不让人感到治愈甚至是想逃离,1,,湖南,
像我们家,0,,云南,
音乐收藏等我回家过年也拍一个，我的老家也很美,0,,浙江,
我没有老家，去哪儿啊,0,1,山东,
,0,,广东,https://p6-sign.douyinpic.com/tos-cn-i-p14lwwcsbr/b0727424fadd47e6b539930d544b4b11~tplv-p14lwwcsbr-1.image?x-expires=1697151600&x-signature=oG45A4Usi1ADMCotQTXPYPjMN8k%3D&from=2064092626&se=false&sc=thumb&biz_tag=aweme_comment&l=2023101301202605FFA1A84FC07E367244
这个小路和我儿时回家的路一模一样的,0,,江苏,
最可悲的不是儿童相见不相识，笑问客从何处来，而是残门锈锁久不开，灰砖小径覆干苔。无名枯草侵满院，一股辛酸入喉来。忽忆当年高堂在，也曾灶头烧锅台。恍觉如今形影只，家中无人诉情怀。异乡漂泊几十载，再回故乡成外来。,2,,安徽,
这好像我家那条路,0,,吉林,
老家看日出,0,,广西,https://p3-sign.douyinpic.com/tos-cn-i-p14lwwcsbr/99c3d5d46a6849d29650cb71e0c00836~tplv-p14lwwcsbr-1.image?x-expires=1697151600&x-signature=roRFCEmJT0YTVK5T8875ot%2FotcY%3D&from=2064092626&se=false&sc=thumb&biz_tag=aweme_comment&l=2023101301202605FFA1A84FC07E367244
太美了,0,,江苏,
以前我那个自然村大概七十几户、现在那些老人走的走、年轻人基本上都在城里工作了，突然感觉整个村庄好荒凉、没有以前那种人间烟火气息了,0,,福建,
跟我的家乡很像,0,,广东,
麻花子,0,,河南,
,0,,广东,https://p11-sign.douyinpic.com/tos-cn-i-p14lwwcsbr/4fa3a87a2aad4c7499df20bc155111db~tplv-p14lwwcsbr-1.image?x-expires=1697151600&x-signature=hqdHrrHJf4qxIZrj6vWA95Joaj4%3D&from=2064092626&se=false&sc=thumb&biz_tag=aweme_comment&l=2023101301202605FFA1A84FC07E367244
回不去了，剩下的只有回忆,0,,山东,
在下,0,,IP未知,
回老家心会不自觉的放松，没有压抑，没有焦虑，睡觉都更香，每次我回去都会倍加珍惜,0,,四川,
女孩子长大是没有老家的,0,,浙江,
唉！唉出了一生无奈和心酸！,0,,安徽,
已经是过去式了，好怀旧啊,0,,江苏,
前几天回老家了，就是蚊子太热情,1,1,山东,
人间烟火气，,1,,河南,
,0,,湖南,https://p3-sign.douyinpic.com/tos-cn-i-p14lwwcsbr/564f99f118e247a48453c2c24d069e00~tplv-p14lwwcsbr-1.image?x-expires=1697151600&x-signature=kd%2BT8uKmsneRGtsaaffsxHtQqjk%3D&from=2064092626&se=false&sc=thumb&biz_tag=aweme_comment&l=20231013012028E41B75D7C4EF35463D56
和我同名,0,,山东,
回不去了呢 没有了 还是很遗憾的,1,,江苏,
我,0,,浙江,
回不去的从前,0,,辽宁,
我的妈妈永远离开了这个世界，我没有家可回了,0,2,河北,
小时候觉得忘带作业是天大的事，高中的时候，觉得考不上大学是天大的事，恋爱的时候，觉得跟喜欢的人分开是天大的事，现在回头看，那些难以跨过的山，其实都在不知不觉中跨过了，从前以为不能接受的，最后也在时间的磨合下，慢慢接受了，生活充满了想象，遗憾也不过是常态，其实人生，就是一次享受过程的过程，无论当初做什么选择都会后悔，但同时大家都心知肚明，我们无法站在现在的角度，去批判当时的自己，就算时间重来一次，以当时的心智和阅历，还是会做出同样的选择，那么，故事的结局还重要吗?钱没了可以再挣，工作丢了可以再找，朋友没了可以再交，爱情没了可以再遇，真正的强大不是忘记，而是接受，接受分道扬镳，接受世事无常，接受孤独挫败，接受突如其来的无力感，接受困惑，不安，焦虑和遗憾，你只需要平静下来，把该做的事情做好，把该走的路都走完，生命那么短暂，没有所谓的标准答案和完美的人生，回头看，轻舟已过万重山，接下来，道阻且长，行则将至，行而不辍，未来可期。,2,,江苏,
对，女孩子没有老家回,0,,江苏,
怎么看那条路都很熟悉的样子你们呢,2,,山东,
想回家了,0,,云南,
这个画面让我想到了小时候大清早一个人背着书包去上学的场景,0,,江苏,
老家的感觉就是亲切,0,,山东,
回家后发现以前的长辈相继离世了，路上的小朋友一个都不认识，童年的小伙伴早已各奔东西，那种孤独感落寞感涌上心头，所以，我们怀念的不是那个地方，而是存在于脑海里的记忆，那回不去的童年时光[爱慕],0,,河南,
现在回去更喜欢老家了，这次十一回去，要不是孩子上学，真不想来。,0,,甘肃,
,0,,河南,https://p3-sign.douyinpic.com/tos-cn-i-p14lwwcsbr/a7ee4395922c4d1b8689db90bfb9f98c~tplv-p14lwwcsbr-1.image?x-expires=1697151600&x-signature=rRp7J%2FlqmD%2FQv5Lij6KDPmKhLPs%3D&from=2064092626&se=false&sc=thumb&biz_tag=aweme_comment&l=2023101301203007F053A8D0F81646172E
抓到一只我家的猫猫,0,,江苏,https://p26-sign.douyinpic.com/tos-cn-i-p14lwwcsbr/b9b138aee55c40039d74f1224756aff3~tplv-p14lwwcsbr-1.image?x-expires=1697151600&x-signature=N3i4B%2BXfMQOEAZsdNaKtU1dANFY%3D&from=2064092626&se=false&sc=thumb&biz_tag=aweme_comment&l=2023101301203007F053A8D0F81646172E
,1,,贵州,https://p3-sign.douyinpic.com/tos-cn-i-p14lwwcsbr/704843b84c4f4efdb34ba0f77c513ba2~tplv-p14lwwcsbr-1.image?x-expires=1697151600&x-signature=tTwMDrGUHWyKIA6yysJeGnW5fxk%3D&from=2064092626&se=false&sc=thumb&biz_tag=aweme_comment&l=2023101301203007F053A8D0F81646172E
我任何人的直播间都没买,0,,陕西,
小时候的感觉,0,,河南,
老家都没人了快,0,,河南,
嫁！反正苦的不是我,0,,广东,
,0,,河北,https://p26-sign.douyinpic.com/tos-cn-i-p14lwwcsbr/120544e6bcfa4e82821dd4005b00fede~tplv-p14lwwcsbr-1.image?x-expires=1697151600&x-signature=J9bbjwEZDa5aSNPvroQXGvK2QYM%3D&from=2064092626&se=false&sc=thumb&biz_tag=aweme_comment&l=2023101301203007F053A8D0F81646172E
他们都是谁,0,,山东,
回家的感觉好极了,0,,河北,
现在的村已不是从前，复杂的很,0,,北京,
自从爷爷去世后，奶奶也不在老家了，就不爱回去了,0,,四川,
结婚后家在哪,0,,广东,
秋收的时候回来,0,,河南,
青春一去不复返，就连这张珍贵的相片，也找不回来了,0,,江苏,https://p3-sign.douyinpic.com/tos-cn-i-p14lwwcsbr/88e5a14d572d4eff90df77e3aff01cee~tplv-p14lwwcsbr-1.image?x-expires=1697151600&x-signature=cAvoq0np%2BXflNjgnVZqujVbQ6z0%3D&from=2064092626&se=false&sc=thumb&biz_tag=aweme_comment&l=2023101301203007F053A8D0F81646172E
在也回不去了，回去了也没有亲人,0,,青海,
我跟我老公一直在外面，偶尔回他家河南村里面感觉真好，到处一片绿，池塘，玉米地，到处都能看到的花，真好,0,,陕西,
,0,,海南,https://p3-sign.douyinpic.com/tos-cn-i-p14lwwcsbr/dc79f9af7daa4902a81b42b5c93962c0~tplv-p14lwwcsbr-1.image?x-expires=1697151600&x-signature=LFFWPgGdSByKMxLQhePN%2FGcnD2I%3D&from=2064092626&se=false&sc=thumb&biz_tag=aweme_comment&l=2023101301203007F053A8D0F81646172E
我啊,0,,山东,
都已经快寒露了，乡下这雾气太应景了,0,,福建,
不喜欢回去过以前的日子。又穷又苦。,1,,江苏,
带着孩子去给老妈掰棒子,0,,山东,https://p3-sign.douyinpic.com/tos-cn-i-p14lwwcsbr/b1701ca10dd640a192c8e4f2989ee992~tplv-p14lwwcsbr-1.image?x-expires=1697151600&x-signature=jBUqS0M%2Ft87NwdLf5yukzq3l8v4%3D&from=2064092626&se=false&sc=thumb&biz_tag=aweme_comment&l=20231013012032DAD446CD887AE8454089
混的好温馨，混不好你会发现老家比外面更难,2,,安徽,
老家有摘不完的龙眼,0,,广西,https://p6-sign.douyinpic.com/tos-cn-i-p14lwwcsbr/e82a1dcaa4d74b6facf612c59df49225~tplv-p14lwwcsbr-1.image?x-expires=1697151600&x-signature=d2S5oZoT6i9ixJ1lMrIlZ%2BBqJnQ%3D&from=2064092626&se=false&sc=thumb&biz_tag=aweme_comment&l=20231013012032DAD446CD887AE8454089
女人长大是没有家的,0,,IP未知,
70后的赞起来,1,,江苏,
那种瞒着父母，瞒着朋友，瞒着所有人，自己泣不成声，白天还要微笑面对生活的日子，承受着各种委屈。晚上躲在被子里，哭得泣不成声，白天还要微笑面对生活的日子，你们有过吗？可笑的是朋友圈不能发，抖音不能发，在评论区写心情，又怕认识的人看见，我竟然活成了连心情都不能随意的人了，只能默默刷抖音，看评论在别人的故事里对号入座！加油陌生人！,0,,云南,
打了好多字，又删了。但是枕头湿了,2,,天津,
我怀念一起放牛，割猪草，玩泥巴，河里一起洗澡的日子。,0,,湖北,
老家，河南安阳滑县来到古城近30年了，超过了在老家，但老家是我的根。我的家永远在河南,0,,陕西,
老家的夜特别长，9点都感觉很晚了，城市里12点还到处跑,3,,河南,
好想回到过去,0,,湖南,
刚开始快来一起,0,,湖南,
农村生活,1,,山东,https://p3-sign.douyinpic.com/tos-cn-i-p14lwwcsbr/1976f4dccc064244b23c3a99ede9e7af~tplv-p14lwwcsbr-1.image?x-expires=1697151600&x-signature=A3hdWQxT9TDPW%2B%2BbmZz%2FIPFbFcU%3D&from=2064092626&se=false&sc=thumb&biz_tag=aweme_comment&l=20231013012032DAD446CD887AE8454089
超级治愈,0,,北京,
@龙城系统门窗小生像不像我们家,0,,江苏,
我也好想回老家住住，可生活有太多的无奈,0,,广东,
悠闲地慢生活,1,,浙江,
估计得20年吧，20年后估计他们都走了,1,,广西,
咋看着像俺村东头地里面,0,,陕西,
那是个开心和幸福感最多的地方,2,,福建,
离婚了，没家了。从小被遗弃跟着奶奶长大，奶奶也走了很多年了，奶奶也木有自己的孩子，捡了个儿子也不孝顺她，确切的说奶奶走后我就没家了。离婚那一年在他家住几天。两口子把我衣服扔出去不让住，我没地方去，行李没地方放，我把自己的衣服拿到沟边烧了，从此不进村了，也不知道什么是家了,2,11,河南,
你信吗，我怀念以前没有手机的日子,3,,湖南,
回家后发现以前的长辈相继离世了，路上的小朋友一个都不认识，童年的小伙伴早已各奔东西，那种孤独感落寞感涌上心头，所以，我们怀念的不是那个地方，而是存在于脑海里的记忆，那回不去的童年时光。,0,,浙江,
越长大越怀念小时候经常走过的乡路，虽然它已不是儿时的那样,0,,安徽,https://p3-sign.douyinpic.com/tos-cn-i-p14lwwcsbr/a93adc7950f746d694040e8da04df97c~tplv-p14lwwcsbr-1.image?x-expires=1697151600&x-signature=1m%2BeRejKnGuIekhda6py3bpeS9o%3D&from=2064092626&se=false&sc=thumb&biz_tag=aweme_comment&l=20231013012034EB24B19733D6CA46B05B
女孩子是没有老家回的……我儿时的伙伴都嫁人了,6,1,河北,
这才是适合人生活的地方,1,,山东,
咋看着像俺村口地头,3,,北京,
,0,,江西,https://p3-sign.douyinpic.com/tos-cn-i-p14lwwcsbr/c1f02cec1aa64e17af60ea541ff71d0b~tplv-p14lwwcsbr-1.image?x-expires=1697151600&x-signature=YO%2BwlNvy%2BCiYV%2BywcNNP4hVMx3o%3D&from=2064092626&se=false&sc=thumb&biz_tag=aweme_comment&l=20231013012034EB24B19733D6CA46B05B
,1,,内蒙古,https://p3-sign.douyinpic.com/tos-cn-i-p14lwwcsbr/77ab095faec54cb0b444932dbc3e48f6~tplv-p14lwwcsbr-1.image?x-expires=1697151600&x-signature=Wc0ccqLe7qvY6JjdI%2F%2B3Lly6ca0%3D&from=2064092626&se=false&sc=thumb&biz_tag=aweme_comment&l=20231013012034EB24B19733D6CA46B05B
小学一走就是一天，初中一走就是一周，高中一走就是一个月，大学一走就是半年，打工一走就是一年，人生一走就是一辈子，到底什么样的终点，才配得上这一路的颠沛流离……回家前的喜悦，回家后的无聊，离家时的不舍，离家后的想念，终是故乡的阑珊灯火，印不出远方的星辰闪烁,2,,陕西,
豫皖鲁称这个叫麻花吧，麻叶子,0,,浙江,
家里人都不在住了   就没有老家了,0,,宁夏,
如果觉得生活很累，回农村看看那些农民伯伯干活，你就会觉得其实你这点累根本不算什么,0,,广西,
戴帽子的好像我的爷爷啊 好想我爷,0,,河南,
,0,,江西,https://p26-sign.douyinpic.com/tos-cn-i-p14lwwcsbr/fbadce9aa7644d2ca99bbae2c9f4c284~tplv-p14lwwcsbr-1.image?x-expires=1697151600&x-signature=fHZOBYUCcLbrCIYJIVq2JOAN%2F2I%3D&from=2064092626&se=false&sc=thumb&biz_tag=aweme_comment&l=20231013012034EB24B19733D6CA46B05B
回去了也不是原来的样子了,1,,山东,
农村除了环境好，其实比城里更加勾心斗角。我不喜欢农村嚼舌根，农村的其他都很好，我以前在农村的时候过的很苦，农村有干不完的活、农村还挣不到钱、农村还被人嚼舌根议论评价，挨饿受冻挨打挨骂精神打击，再也不想回农村了。,4,,陕西,
这个国庆节回去参加了两场葬礼，亲人相继离世，再也回不去的曾经,2,,河南,
和我老家一样,0,,广东,
,0,,黑龙江,https://p6-sign.douyinpic.com/tos-cn-i-p14lwwcsbr/22e04943632e452aa3bf94d2547c126e~tplv-p14lwwcsbr-1.image?x-expires=1697151600&x-signature=41rrqqmyaNZLLOTcP7jPW8xFr5w%3D&from=2064092626&se=false&sc=thumb&biz_tag=aweme_comment&l=2023101301204030362DAF9EFAE34139A1
少小离家老大回，乡音难改鬓毛衰。儿童相见不相识，笑问客从何处来？,0,,山东,
家乡的节奏真的很慢,0,,广东,
,0,,山东,
我是一个没有归属感的人，在哪都没有自己家的感觉，也许是没有爱我的人吧,0,1,广东,
大概是今年五月末六月初，我妈和我姥爷玉米地除草，我带宝宝去陪他们,1,,江苏,https://p3-sign.douyinpic.com/tos-cn-i-p14lwwcsbr/65ba38b5883e49a6833029d02259886f~tplv-p14lwwcsbr-1.image?x-expires=1697151600&x-signature=XWxHZwA3cp47aoLV9qyWTRWK0Zk%3D&from=2064092626&se=false&sc=thumb&biz_tag=aweme_comment&l=2023101301204030362DAF9EFAE34139A1
好熟悉的场景,1,,内蒙古,
我也是92年的， 靠自己做生意，奔驰G600   8百多万，市区别墅8200万，这么精致的生活随时可以有…只要肯努力…什么字都能打出来。,2,3,湖北,
我一直在老家,1,,广西,
是很好的疗伤的地方,1,,浙江,
,0,,浙江,https://p6-sign.douyinpic.com/tos-cn-i-p14lwwcsbr/aed259071db04ac2b6d6b89824277c42~tplv-p14lwwcsbr-1.image?x-expires=1697151600&x-signature=i6dcq4ycUZdtdOwbk84LO3qALvo%3D&from=2064092626&se=false&sc=thumb&biz_tag=aweme_comment&l=2023101301204030362DAF9EFAE34139A1
好像安徽蚌埠啊！可是我已经快一年没回家了,0,,IP未知,
发现自己不再喜欢热闹，能宅在家，绝不出门，能一个人觉不扎堆。习惯了孤独，也享受了安静，成年人的世界，除了快乐是装的，其他都是真的…,2,,广东,
想家了,0,,浙江,
以前很讨厌这样的环境，觉得脏。现在觉得，这是一个能让人安静下来的地方…,1,,北京,
听完这首歌后半夜睡不着，爬起来走到窗前抽支烟，发现一只蟑螂，于是跟它聊了很久，把对生活的不爽，赚钱的难度，工作的压抑，发泄给它听，抽完烟，一拖鞋拍狠狠拍死，没办法，它知道的太多了,0,,河北,
拍的真好,0,,陕西,
看到这个画面都是80后的回忆。走在乡村的道路上。年轻的人们都不认识。老人们陆陆续续都离开了。80后的心酸。好想回到年轻的时候。,0,,广东,
有时感到治愈 有时候觉得中心点的大妈闲言碎语真让人窒息,0,,湖北,
,0,,浙江,https://p26-sign.douyinpic.com/tos-cn-i-p14lwwcsbr/aa6c9afbdb8147ed98de2332ce0a4f64~tplv-p14lwwcsbr-1.image?x-expires=1697151600&x-signature=s2lkh5JbM6Evf7up5tNa4FlfeeQ%3D&from=2064092626&se=false&sc=thumb&biz_tag=aweme_comment&l=2023101301204030362DAF9EFAE34139A1
,0,,陕西,https://p6-sign.douyinpic.com/tos-cn-i-p14lwwcsbr/2eb1cac0f33e4d1cb684c110fdb86a1c~tplv-p14lwwcsbr-1.image?x-expires=1697151600&x-signature=iyI8up7yB2i2A3GN2Krvc%2FWi8HM%3D&from=2064092626&se=false&sc=thumb&biz_tag=aweme_comment&l=20231013012202BC3115C4D3B84B2CC225
有些人长大了就回不去了，哪怕再喜欢也回不去了，只能留在回忆里,0,,陕西,
,1,,广东,https://p3-sign.douyinpic.com/tos-cn-i-p14lwwcsbr/e113ebc06ed9442588931e82a2784f12~tplv-p14lwwcsbr-1.image?x-expires=1697151600&x-signature=Mhmpw3%2FAWHs0qLP2a9RYTyzOr5A%3D&from=2064092626&se=false&sc=thumb&biz_tag=aweme_comment&l=20231013012202BC3115C4D3B84B2CC225
小时候总嫌弃故乡苍老破旧，可故乡从未嫌弃我年幼无知，长大后总埋怨故乡离得太远，可故乡从未埋怨我迟迟不归！,2,,天津,
@着情想你老家的稻田,0,1,广西,
我的家在农村,1,,IP未知,https://p26-sign.douyinpic.com/tos-cn-i-p14lwwcsbr/2575d37b151549f7ac543ea43c9cca78~tplv-p14lwwcsbr-1.image?x-expires=1697151600&x-signature=oanPOJkujAjweebKy4JlFlDfc%2BA%3D&from=2064092626&se=false&sc=thumb&biz_tag=aweme_comment&l=20231013012202BC3115C4D3B84B2CC225
我也想回去啊，可是离了婚的女人，家在哪里？,1,,安徽,
感觉很舒服,0,,内蒙古,
乡村乡韵 唯美佳作 乡愁……,1,,新疆,
像我的村子,0,,北京,
,0,,广东,https://p3-sign.douyinpic.com/tos-cn-i-p14lwwcsbr/a84711544b5f4a1289569ec90291757c~tplv-p14lwwcsbr-1.image?x-expires=1697151600&x-signature=7IXPtjWCbbiJenmvNPuTvJDh3Rs%3D&from=2064092626&se=false&sc=thumb&biz_tag=aweme_comment&l=20231013012202BC3115C4D3B84B2CC225
老家可以回去，但不宜长期住，对于年龄较大的中老年人士来说还是城市比较便利,3,,河北,
我一直在老家是不是很没有出息呀,0,,河南,
,0,,湖北,https://p6-sign.douyinpic.com/tos-cn-i-p14lwwcsbr/bf7f281fb9a24676914b70e8f2b6852e~tplv-p14lwwcsbr-1.image?x-expires=1697151600&x-signature=BqS%2FC8ANMyeKLRUoWhmHd1vZMtc%3D&from=2064092626&se=false&sc=thumb&biz_tag=aweme_comment&l=20231013012202BC3115C4D3B84B2CC225
当时没有听妈妈的话，可能再也回不去老家生活了,1,,湖北,
家是归宿,1,,河北,
,0,,上海,https://p3-sign.douyinpic.com/tos-cn-i-p14lwwcsbr/5dc486f16e224e0faed363cf6428f84f~tplv-p14lwwcsbr-1.image?x-expires=1697151600&x-signature=R35la7MlLj7WGSNT5zhpbWISkQA%3D&from=2064092626&se=false&sc=thumb&biz_tag=aweme_comment&l=20231013012202BC3115C4D3B84B2CC225
听说你们的手机里都有老家的这么一条路……,1,,内蒙古,https://p3-sign.douyinpic.com/tos-cn-i-p14lwwcsbr/29be38d976a5432983696e5cf327511d~tplv-p14lwwcsbr-1.image?x-expires=1697151600&x-signature=Tc3xQZun%2BVm89OcbXKsKEVJhNDU%3D&from=2064092626&se=false&sc=thumb&biz_tag=aweme_comment&l=20231013012202BC3115C4D3B84B2CC225
,1,,广西,https://p3-sign.douyinpic.com/tos-cn-i-p14lwwcsbr/7b3c305e41ba4241b4f2b6aa6b546f10~tplv-p14lwwcsbr-1.image?x-expires=1697151600&x-signature=PZmv0mU0rGedhoa8ZkA%2BHNV2C2Y%3D&from=2064092626&se=false&sc=thumb&biz_tag=aweme_comment&l=20231013012202BC3115C4D3B84B2CC225
这是记忆中的家，现在回去急急忙忙吵吵闹闹过几天很累，解不了思乡愁,1,,上海,
好像,1,,黑龙江,
我们可以怀念故乡，我们的下一代呢，都是在钢筋水泥中长大，很难有故乡愁咯,0,,内蒙古,
画面很美好，但是不喜欢夜晚的农村,0,,江苏,
干活的快乐,0,,山东,https://p26-sign.douyinpic.com/tos-cn-i-p14lwwcsbr/2e4b806a8574458788835b2b0864b07d~tplv-p14lwwcsbr-1.image?x-expires=1697151600&x-signature=9ZULnn6xLyxeGBEZ3fL6UIayNO0%3D&from=2064092626&se=false&sc=thumb&biz_tag=aweme_comment&l=2023101301220492E2834A0225542BBF37
人终究要回到起点、回到出生成长的地方。老话讲落叶归根就是这个道理、闭上眼睛想想都很温馨、惬意、安详！从哪里来就回哪里去…..,0,,辽宁,
我们不要做陌生人了，好不好,2,,云南,
我都不知道这几个人,1,,山东,
老家除了蚊子多，其他都好,0,,湖北,
老家的勾心斗角你吃不消,1,,广东,
重名,1,,江苏,
你好会拍呀！,1,,安徽,
老家没有了牵挂的爸爸，也就不念了,2,,四川,https://p3-sign.douyinpic.com/tos-cn-i-p14lwwcsbr/79292445c6e74a4da74fe353d2ad0aa4~tplv-p14lwwcsbr-1.image?x-expires=1697151600&x-signature=JjJeQ2ANmDvvx9d%2BM4RbH%2B59RQc%3D&from=2064092626&se=false&sc=thumb&biz_tag=aweme_comment&l=2023101301220492E2834A0225542BBF37
治愈的慢生活,0,,山东,
,0,,山东,https://p3-sign.douyinpic.com/tos-cn-i-p14lwwcsbr/2b76ad7707c647399851f05b24b2d26c~tplv-p14lwwcsbr-1.image?x-expires=1697151600&x-signature=AKQMTnD%2BI9JLlOmvQjWDxy8k%2FG0%3D&from=2064092626&se=false&sc=thumb&biz_tag=aweme_comment&l=2023101301220492E2834A0225542BBF37
十一假期回去了，认识我的人头发都白了。,0,,河北,
,0,,安徽,https://p3-sign.douyinpic.com/tos-cn-i-p14lwwcsbr/ed98d204bb82421dbd5a8cec85f0cb94~tplv-p14lwwcsbr-1.image?x-expires=1697151600&x-signature=EUdfhNe2c309OLvOvs5BaqOo3RA%3D&from=2064092626&se=false&sc=thumb&biz_tag=aweme_comment&l=2023101301220492E2834A0225542BBF37
有钱到哪里都行，没钱你回到娘家，感触，伤感，伤心。难过，心酸。五味杂陈，,0,,上海,
,0,,山东,https://p3-sign.douyinpic.com/tos-cn-i-p14lwwcsbr/562512e9ffab41ecab8086f07c2005c6~tplv-p14lwwcsbr-1.image?x-expires=1697151600&x-signature=ka2NnqxwI%2B3OMDpBp%2FUnmGjn%2BWg%3D&from=2064092626&se=false&sc=thumb&biz_tag=aweme_comment&l=2023101301220492E2834A0225542BBF37
我想回老家……讨厌每个人的虚情假意,1,,辽宁,
像我家玉米地,0,,广东,
早上七点，空气很清新，很舒服,0,1,广东,https://p6-sign.douyinpic.com/tos-cn-i-p14lwwcsbr/cd946e89d8f444b18330dbfc3cd395b7~tplv-p14lwwcsbr-1.image?x-expires=1697151600&x-signature=NzxzTl6YmyRhuKCDewcsOXWE0GA%3D&from=2064092626&se=false&sc=thumb&biz_tag=aweme_comment&l=202310130122060BDA88173DA4662C9B13
,1,,四川,https://p26-sign.douyinpic.com/tos-cn-i-p14lwwcsbr/8a796303aef64f229ae2d97d4b9aac29~tplv-p14lwwcsbr-1.image?x-expires=1697151600&x-signature=DEpmqUSg9PIMXym3FM5S%2F3FZxrA%3D&from=2064092626&se=false&sc=thumb&biz_tag=aweme_comment&l=202310130122060BDA88173DA4662C9B13
走啊，上地去啊,0,,广东,
,0,,广东,https://p3-sign.douyinpic.com/tos-cn-i-p14lwwcsbr/5bea3085faeb4b378ddffbbc630e07e2~tplv-p14lwwcsbr-1.image?x-expires=1697151600&x-signature=LMaECd7fDstyPXXxOQFBscgpCIU%3D&from=2064092626&se=false&sc=thumb&biz_tag=aweme_comment&l=202310130122060BDA88173DA4662C9B13
真的是这样……,0,,陕西,
我的老家因为新首都机场已经夷为平地了。我没有在这里出生，甚至长这么大这是第二次回来，但是还是感觉很亲热，心里酸酸的。以后我没有老家了大兴东庄营,4,2,北京,https://p11-sign.douyinpic.com/tos-cn-i-p14lwwcsbr/00fc3b04e3244cadbe953690b2f621ea~tplv-p14lwwcsbr-1.image?x-expires=1697151600&x-signature=0y87ZZFmDByYS5Dlt3FrIDLjZw0%3D&from=2064092626&se=false&sc=thumb&biz_tag=aweme_comment&l=202310130122060BDA88173DA4662C9B13
,0,,山东,https://p3-sign.douyinpic.com/tos-cn-i-p14lwwcsbr/a4ffbd4b2b514d119a4f20c9810f245b~tplv-p14lwwcsbr-1.image?x-expires=1697151600&x-signature=d93D%2BHtSRPXBcULwJLQgVt%2Bt1jc%3D&from=2064092626&se=false&sc=thumb&biz_tag=aweme_comment&l=202310130122060BDA88173DA4662C9B13
，我家在农村，平时工作累了，乘假期时跟爸爸妈妈日出而作，日落而息，夕阳洒在回家的路上和我们的身上，慢慢的走说说笑笑过于幸福,0,,甘肃,
回不去的老家，只有来去匆匆的过客,0,,浙江,
好累啊,0,,山东,
跟我的老家很像,0,,吉林,
想家，可是妈妈去大连了，爸爸走了，我回去干什么呢,1,,吉林,
好怀念小时候，长大了烦恼太多,1,,云南,
好喜欢听这个音乐,0,,广东,
前两天在老家我就在想，明明在老家的生活很惬意，不用很多钱也可以活的很舒服，这不就是我们追求的生活么，可为啥还得出去苦苦打拼,1,,山东,
算我一个,0,,广东,
我看到了人间疾苦，还有老了要种田,0,,广东,
可惜，这次回老家，也没拍照片。唉,0,,广东,
现在这年代真的还有人不会打麻将，不会打牌的人吗,1,2,四川,
没老家了,1,,山东,
我就是二婚！真的很幸福！我离异第二年他就突然打给我电话，略带着急的语气问我在哪？为什么一个人一年多了也不找他也不告诉他，我听着他那么委屈有带着哭腔的声音，觉得又心疼又想哭，于是我马不停蹄的去了约定的地点，他来晚了10分钟，我问他怎么才来，他说去买房子了，我一下子就震惊了，买房子？他说结婚没有我们的新房怎么能行，买的4室的，他略带宠溺的眼神看着我说道，你和孩子以后就是我的全部，如果你不喜欢我们可以不再有孩子，我满脸不可置信，我们分开6年他单身6年，见面的第一句话不是好久不见，而是和我结婚，还要带着我和前夫的儿子，不知道为什么再次见面，莫名的亲切感涌上心头，仿佛我这6年是和他度过的，他记得我所有的喜好，包括我很缺乏安全感，于是当天下午正式买了我父母一个小区的168平的中间楼层写了我个人的名字，不久后我们就结婚了，买了10万元的黄金首饰只因为我喜欢，彩礼99万现金给我单独保管，只想让我有安全感，他永远是那么温柔对我呵护备至，家务也是他来生怕我受伤，照顾孩子也是有条不絮，我儿子非常喜欢他家里其乐融融要不是限制字数了，我真想再多编点，谢谢你认真的看我胡说八道，世界上没有这样的男人，请不要恋爱脑！,1,,广东,
春节回家 高挂的红灯笼呀 暖心的横幅标语 让我们知道自己是被挂念的游子,2,,安徽,https://p26-sign.douyinpic.com/tos-cn-i-p14lwwcsbr/5b3a56050fdc4fc3adbe08148c36e483~tplv-p14lwwcsbr-1.image?x-expires=1697151600&x-signature=9ZUFmCqAQwOck3RJdJkj187RvWs%3D&from=2064092626&se=false&sc=thumb&biz_tag=aweme_comment&l=20231013012208F93B021FBA8FCE44DB06
心酸难受…说不出口的留恋！好想时间再慢一点！自己可以更强大，让父母可以衣食无忧，让孩子也开心快乐！我不怕辛苦，我好怕自己的努力太慢…无法阻挡父母一年年增多的白发！！！,1,,江苏,
每个人都有自己的生活，和生活方式，只是我们不同而已,1,,黑龙江,
很有小时候的味道,1,,山东,
“在一个普通的下午，关掉了少儿频道，关掉了电视机，没想到再也没打开过 后来才发现，关掉的，是自己的童年”。小时候觉得忘带作业是天大的事，高中的时候，觉得考不上大学是天大的事，恋爱的时候，觉得跟喜欢的人分开是天大的事，到现在回头看看，那些难以跨过的山，其实都在不知不觉中跨过了，从前以为不能接受的，最后也在时间的磨合下，慢慢接受了，生活充满了想象，遗憾也不过是常态，其实人生，就是一个享受过程的过程，无论当初做什么选择都会后悔，但同时大家都心知肚明，我们无法站在现在的角度，去批判当时的自己，就算时间重来一次，以当时的心智和阅历，还是会做出同样的选择，那么，故事的结局还重要吗？钱没了可以再挣，工作丢了可以再找，朋友没了也可以再交，爱情没了可以再遇，真正的强大不是忘记，而是接受，接受分道扬镳，接受世事无常，接受孤独挫败，接受突如其来的无力感，接受困惑，不安，焦虑和遗憾，你只需要平静下来，把该做的事情做好，把该走的路都走完，生命那么短暂，没有所谓的标准答案和完美的人生，回头看，轻舟已过万重山，这就是人生！,1,,内蒙古,
我还有两年,1,,北京,
很治愈，临行前的清晨，风很冷，仍向往在村里漫步，母亲陪着我，讲述着小时候的事，心里出奇的，特别的宁静，特别享受那一刻的时光,2,,山东,
不知不觉，已过数年。很多都已不再。人生常常身不由己，唯有感叹。,0,,北京,
国庆节回了趟老家，挺失落的。在村里的，个个都是万元户，感觉遍地都是黄金。而我，在大城市，依然是月薪三千的裘千仞。依然是为了生活，过的很拮据的打工人。农村就是，句句不提有钱，句句比你有钱。,4,,重庆,
感觉这条小路，是那样的一模一样,1,,山东,
刚从老家进城，都不想回来了,0,,北京,
前提是你功成名就。要不你在村里的闲言碎语很多很多,0,,山西,
我也是农村来的,0,,山东,https://p3-sign.douyinpic.com/tos-cn-i-p14lwwcsbr/148ca8411728429bb33e58797ab16fcd~tplv-p14lwwcsbr-1.image?x-expires=1697151600&x-signature=CtSQTj2Wl%2FkkyBRgQL%2BnHMsVSZM%3D&from=2064092626&se=false&sc=thumb&biz_tag=aweme_comment&l=20231013012208F93B021FBA8FCE44DB06
回不去了,0,,广东,
城市是诗和远方，家乡是人间烟火,2,,陕西,
,0,,安徽,
上次回老家，乡里有个人说这是谁谁谁吗？都长变了，另外一个人说都老了嘛，心里酸酸的,1,,河南,
感觉这就是我们村头的路,1,,湖北,
这个背景音乐是什么来着,1,1,山东,
我,0,,河南,
为什么我觉得回去后有的人嘴很碎,1,,山东,
没有老家可回,1,,安徽,
,1,,河南,https://p26-sign.douyinpic.com/tos-cn-i-p14lwwcsbr/6f601949754f43ec9a2bdbaa59edd1f1~tplv-p14lwwcsbr-1.image?x-expires=1697151600&x-signature=SwPtp6b8JC%2Bnj7uBzuX7F9UgTDU%3D&from=2064092626&se=false&sc=thumb&biz_tag=aweme_comment&l=202310130123550B09DBDFB9D9FD3AFB00
女孩子是没有家的,1,,重庆,
城市套路深，还是回农村,1,,浙江,
,0,,上海,
,1,,广西,https://p26-sign.douyinpic.com/tos-cn-i-p14lwwcsbr/679369f734314e98bfcb1e36620abd79~tplv-p14lwwcsbr-1.image?x-expires=1697151600&x-signature=WgETSiJf7Q2QAsawu6VZ8jL3VWI%3D&from=2064092626&se=false&sc=thumb&biz_tag=aweme_comment&l=202310130123550B09DBDFB9D9FD3AFB00
我,0,,广东,
哪有家回呢，在娘家是客人，在婆家是外人,2,,广西,
如果不是因为孩子上学，找媳妇，买房子，我想就这样在村子里，自供自足，没有焦虑，没有烦恼。,2,,山东,
不想回去了，没有什么乡浓情浓的，都变味了。感觉特别疲惫，还不如在这个没人认识的城市，关上门，自己就是一个世界,2,1,河北,
不怕桥要压塌,1,,湖北,
看着看着想爸妈了！！！,0,,贵州,
小时候总是不理解，老人为什么总喜欢坐在路边看庄稼，一坐就是半天。长大后才明白，目之所及，皆是回忆；心之所想，皆是过往；眼之所看，皆是遗憾。,9,,江苏,
我的爷爷在今年中秋前几天去世了，以后回老家再也看不到那个老远就迎接我们身影的人了,1,,江苏,
我喜欢看这样的风景，好温馨,0,,湖北,
那首歌～宁静的夏天,1,,黑龙江,
家乡的小河清澈见底,0,,江苏,https://p26-sign.douyinpic.com/tos-cn-i-p14lwwcsbr/aee1a2d0329a49f28f50c2e8abfa0e33~tplv-p14lwwcsbr-1.image?x-expires=1697151600&x-signature=zESqKrpp5WBenA%2FeCRCcK87OdNk%3D&from=2064092626&se=false&sc=thumb&biz_tag=aweme_comment&l=202310130123550B09DBDFB9D9FD3AFB00
真好,1,,安徽,
我,0,,广东,
,0,,辽宁,https://p3-sign.douyinpic.com/tos-cn-i-p14lwwcsbr/035692a1a5a74d9ca85b58d80cb41422~tplv-p14lwwcsbr-1.image?x-expires=1697151600&x-signature=kb5Ot2t4R2DRlH3OkFj7C535JxY%3D&from=2064092626&se=false&sc=thumb&biz_tag=aweme_comment&l=202310130123585FB31E81EED9EB37D5AA
我喜欢农村的景，却不喜欢农村的人，那是非不是一般的多。,3,2,安徽,
可惜没钱挣。要是不用花钱，愿一直在家乡。,0,,河南,
我婆婆家一点也不治愈做饭是过去的大土灶，烟熏火燎，上厕所是两块石头露天的。,0,,北京,
老家环境简单，人却不简单,3,,山东,
我也想回家了，我的乡村，我的家，我的老爸，我的思绪已随音乐回到了我心心念念的衡阳。,3,,湖北,
我不敢回老家，见不到想见的人了,1,,广东,
村里已经没有了我的家,0,,广东,
废弃的篮球架,0,,广西,https://p3-sign.douyinpic.com/tos-cn-i-p14lwwcsbr/421bc53aa1a643e7ae878f142a11f0ef~tplv-p14lwwcsbr-1.image?x-expires=1697151600&x-signature=9CHWiJzK4bN%2FQhxxIXAtRr68Biw%3D&from=2064092626&se=false&sc=thumb&biz_tag=aweme_comment&l=202310130123585FB31E81EED9EB37D5AA
老家空气净化器,1,,江苏,https://p26-sign.douyinpic.com/tos-cn-i-p14lwwcsbr/544d622b952a4d25982b9863fbe017cc~tplv-p14lwwcsbr-1.image?x-expires=1697151600&x-signature=00jf%2F440mWj4iK47ELEZrMusTWE%3D&from=2064092626&se=false&sc=thumb&biz_tag=aweme_comment&l=202310130123585FB31E81EED9EB37D5AA
农村更累，一片的庄稼等着收呢,0,,山东,
儿子拍的我妈家,0,,山东,https://p3-sign.douyinpic.com/tos-cn-i-p14lwwcsbr/4ad912d151a24ffa90ead8d1f19706df~tplv-p14lwwcsbr-1.image?x-expires=1697151600&x-signature=wHKlk1OyAPobHyspxseFdwXTOlc%3D&from=2064092626&se=false&sc=thumb&biz_tag=aweme_comment&l=202310130123585FB31E81EED9EB37D5AA
国庆我回去了，摘了五天的苹果袋,0,,山东,
小时候真傻，竟然盼着长大,0,,山东,
那时候连晚上的月亮都特别亮，出去都不用开手电！,1,,河北,
再也回不去了那种感觉,0,,浙江,
@SuperMeng去不去,0,1,河北,
,1,,湖北,https://p9-sign.douyinpic.com/tos-cn-i-p14lwwcsbr/72a0c7b6d1b84fff9eecf0cb64014f71~tplv-p14lwwcsbr-1.image?x-expires=1697151600&x-signature=yBhE%2F8WwRNk1Og%2B90ImqL92%2FwBY%3D&from=2064092626&se=false&sc=thumb&biz_tag=aweme_comment&l=202310130123585FB31E81EED9EB37D5AA
小时候真傻，盼着早点长大离开生长的地方,0,1,重庆,
老家的花生地,0,,河南,https://p3-sign.douyinpic.com/tos-cn-i-p14lwwcsbr/e08f1a8953924a90bb8c74c9f33c3178~tplv-p14lwwcsbr-1.image?x-expires=1697151600&x-signature=9jNjdWjBNpGeQe%2ByfvQl0idS7Bo%3D&from=2064092626&se=false&sc=thumb&biz_tag=aweme_comment&l=2023101301253382370A86A70B4C45E70F
以前向往外面的世界，现在真的是归心似箭,0,,江苏,https://p3-sign.douyinpic.com/tos-cn-i-p14lwwcsbr/1dfd1bff558646ec8f5c51de83cc7f72~tplv-p14lwwcsbr-1.image?x-expires=1697151600&x-signature=j%2F3cRT4AcsKZ0D6PBIv717jVLr8%3D&from=2064092626&se=false&sc=thumb&biz_tag=aweme_comment&l=2023101301253382370A86A70B4C45E70F
可是当你回到家乡，你会慢慢发现，其实你一直思念的不是家乡，而是童年里的某段时光！,0,,广东,
女孩子长大是没有家的,0,,重庆,
说到心里了,1,,宁夏,
如果你觉得累了你就回趟老家吧 回家挖挖红薯收收稻谷掰掰玉米你会觉得更累,1,,江苏,
,0,,河南,
哎在也没有老家可回了，在回就是去姐姐家了。没到过节就感觉自己像一个流浪的孩子,0,,北京,
其实农村里的勾心斗角一点也不少,3,2,山东,
喜欢这个音乐,0,,河南,
和我老家一模一样,0,,重庆,
,0,,江苏,https://p3-sign.douyinpic.com/tos-cn-i-p14lwwcsbr/d29f49135f9d4b8a93fa371c8aed6570~tplv-p14lwwcsbr-1.image?x-expires=1697151600&x-signature=08l%2FKb8WLH2cIL3w45IxDo33MmU%3D&from=2064092626&se=false&sc=thumb&biz_tag=aweme_comment&l=2023101301253382370A86A70B4C45E70F
回家后发现以前的长辈相继离世了，路上的小朋友一个都不认识，童年的小伙伴早已各奔东西，那种孤独感落寞感涌上心头，所以，我们怀念的不是那个地方，而是存在于脑海里的记忆，那回不去的童年时光,2,,陕西,
,1,,福建,https://p3-sign.douyinpic.com/tos-cn-i-p14lwwcsbr/582ed497f14544dc96b5de7891874191~tplv-p14lwwcsbr-1.image?x-expires=1697151600&x-signature=RAWbz9VoYop%2BSLjEPADbImT4%2FHo%3D&from=2064092626&se=false&sc=thumb&biz_tag=aweme_comment&l=2023101301253382370A86A70B4C45E70F
老家已经容不下灵魂了,0,,上海,
想起那些年父亲还在世的时候，放暑假和做教师的他一起运麦子回家，柔弱书生的他一路要停下来歇好几次亲爱的父亲你在那边还好吗,0,,IP未知,
当初那个拼命逃离的地方，如今已成为我们心中永远也忘不了，回不去的故乡,1,,浙江,
努力找了一张谢谢,0,,广东,https://p3-sign.douyinpic.com/tos-cn-i-p14lwwcsbr/51294f7a3c274151b15f5b3caa7acee4~tplv-p14lwwcsbr-1.image?x-expires=1697151600&x-signature=JZZOVgMou5jomC19dVw44sWTjEs%3D&from=2064092626&se=false&sc=thumb&biz_tag=aweme_comment&l=2023101301253382370A86A70B4C45E70F
这几天累的跟啥一样，农民可没假期,0,,河南,
我也累了！回家了种田了！,2,,黑龙江,https://p6-sign.douyinpic.com/tos-cn-i-p14lwwcsbr/8e61a85b721447b780557d0712ee9e35~tplv-p14lwwcsbr-1.image?x-expires=1697151600&x-signature=cEx5zjc8CwSgn6GB8JAMLveAwdw%3D&from=2064092626&se=false&sc=thumb&biz_tag=aweme_comment&l=2023101301253382370A86A70B4C45E70F
河南哪里，我怎么觉得是我的老家,1,,广东,
愿意回老家农村的证明您财富自由了，人也成熟了,1,,广东,
拆迁再也回不去了，只有回忆和怀念,0,,安徽,
我也喜欢回村里，一到家，就感觉心里特别舒适，安静，放松,1,,河北,
所有的村子都一样吗？怎么看着跟我家村口一样的路,2,,河南,
如果再配上泥泞路，那就更绝了,0,,浙江,
其实农村很好，就是没有经济来源,1,,江西,
没,0,,安徽,
回老家并不治愈,0,,浙江,
老家的感觉，就是总有干不完的农活，看到那一个个白发苍苍的老人坐在门口守望,0,,河南,
城里有房只能安身村里有家方可安魂,0,,山东,
有一次我也是这么想的，去村外看看吧感觉挺好的，你猜怎么招，突然从地里窜出一条狗撵这我就叫呀，嘛呀吓死我了，嘛的，再也不去村外了,2,,河北,
像俺村,0,,河南,
坐她们正中间，坚持到最后一人再走,0,,河北,
我本身是个一线城市的农村人，没毕业去市里做暑期工，毕了业在市里闯，做了想做的事，去了很多所谓高级的地方，最后我还是觉得农村好，最后我嫁到了离我娘家不远的村子，有了两个宝宝，开着小车天天走在乡间小路去上班，每天都很美好。,0,,北京,
,0,,四川,https://p26-sign.douyinpic.com/tos-cn-i-p14lwwcsbr/1593f6fec3a14e55aac62e3cbe9a5c99~tplv-p14lwwcsbr-1.image?x-expires=1697151600&x-signature=J%2FwbT%2B3zNUmrQHCHT0DRC%2FZ36Ac%3D&from=2064092626&se=false&sc=thumb&biz_tag=aweme_comment&l=20231013012545F99016C258FE142F7D2A
可惜我老家十年前就被拆迁了，现在都是高楼，已经被城市化。小时候向往城市，现在向往田家农舍。,1,,江苏,
真的很治愈,0,,安徽,https://p9-sign.douyinpic.com/tos-cn-i-p14lwwcsbr/724b3275c42d4c1f8204fa166880fad7~tplv-p14lwwcsbr-1.image?x-expires=1697151600&x-signature=J52ji7CBsIs%2BWoGNTkS6jYm8zn0%3D&from=2064092626&se=false&sc=thumb&biz_tag=aweme_comment&l=20231013012545F99016C258FE142F7D2A
走在乡村的道路上 呼吸着无公害的农作物和野草中散发出的新鲜气息扑面而来 精神大爆发 这才是我们农村人真真切切的生活 身不由己啊  不知道何时才能享受这般本该如此的生活很期待....  希望早日完成人生这几大任务 好回老家继承农家产业,0,,广西,
好熟悉的场景，可是回不去了,0,1,河南,
没感觉回老家有多么轻松,0,,河北,
回家后发现以前的长辈相继离世了，路上的小朋友一个都不认识，童年的小伙伴早已各奔东西，那种孤独感落寞感涌上心头，所以，我们怀念的不是那个地方，而是存在于脑海里的记忆，那回不去的童年时光,2,,江苏,
,0,,宁夏,https://p3-sign.douyinpic.com/tos-cn-i-p14lwwcsbr/973177fa62054940b43f0e0810c6f85d~tplv-p14lwwcsbr-1.image?x-expires=1697151600&x-signature=Sj0Ag3Gb6zB%2BwOwXgfpZkuvKaKs%3D&from=2064092626&se=false&sc=thumb&biz_tag=aweme_comment&l=2023101301254684C8A7CA85963637F57A
深有体会,1,,江苏,https://p6-sign.douyinpic.com/tos-cn-i-p14lwwcsbr/fed0335886e4456e8cfab70d2680aa46~tplv-p14lwwcsbr-1.image?x-expires=1697151600&x-signature=wvlJG3CroOn9FCP0rnhXRScDkhE%3D&from=2064092626&se=false&sc=thumb&biz_tag=aweme_comment&l=2023101301254684C8A7CA85963637F57A
这就是我想要的生活,0,,广东,
现在还有驾车子，真的很少见了,0,,河南,
美美，等我攒够100 就回家，种几颗月季，养点花草，鸡鸭小狗，猫,0,,河南,
我在娘家住了两天三夜，我儿子被我妈和我爸轮流吵，最后一个晚上，我爸直接推了我儿子，我领着我儿子出去溜达一圈，最后决定还是回自己家吧，在我娘家住不能超过两天,0,,河南,
只能偶尔住俩天，取快递外卖不方便，不能点咖啡，做个足疗spa不方便，村子里还要熟悉的小伙伴打打牌打打麻将还好。,1,,江苏,
物是人非,0,,河南,
,0,,安徽,https://p3-sign.douyinpic.com/tos-cn-i-p14lwwcsbr/049cda95eb824489ac784e3dcf26c956~tplv-p14lwwcsbr-1.image?x-expires=1697151600&x-signature=VTGrDhnwBDnK6anusydgAY3GrA4%3D&from=2064092626&se=false&sc=thumb&biz_tag=aweme_comment&l=2023101301254684C8A7CA85963637F57A
回家后发现以前的长辈相继离世了，路上的小朋友一个都不认识，童年的小伙伴早已各奔东西，那种孤独感落寞感涌上心头，所以，我们怀念的不是那个地方，而是存在于脑海里的记忆，那回不去的童年时光,1,,重庆,
,0,,辽宁,https://p3-sign.douyinpic.com/tos-cn-i-p14lwwcsbr/1582d9360da14db18e8306ca1ef9f6d5~tplv-p14lwwcsbr-1.image?x-expires=1697151600&x-signature=3leCDxO5rLAt2z%2F5HWHNnSoaScQ%3D&from=2064092626&se=false&sc=thumb&biz_tag=aweme_comment&l=2023101301254684C8A7CA85963637F57A
,0,,河南,
还是老家舒服,0,,江苏,
每次听到这歌，心揪一下，因为看了那部电视剧，内心无法形容,0,,山西,
小时候都希望从大山里走出去，真正走出去了，却发现，最想回到的还是大山里的那个家,0,,辽宁,
我感觉到，在最难过的时候一定要在外面，自己治愈，老家只会攀比,0,,上海,
喜欢农村的生活,0,,安徽,
我也是,0,,安徽,
你家路上真干净！有人打扫吗,0,1,河南,
回家后发现以前的长辈相继离世了，路上的小朋友一个都不认识，童年的小伙伴早已各奔东西，那种孤独感落寞感涌上心头，所以，我们怀念的不是那个地方，而是存在于脑海里的记忆，那回不去的童年时光现在的亲戚也不是原来亲戚了，穷人门票不好过,0,1,江苏,
,0,,江苏,https://p3-sign.douyinpic.com/tos-cn-i-p14lwwcsbr/5322dc8dcc974faeb895d32f69f47f2b~tplv-p14lwwcsbr-1.image?x-expires=1697151600&x-signature=Oddce8Q3pPYeK9E6OIa1FJHSPbA%3D&from=2064092626&se=false&sc=thumb&biz_tag=aweme_comment&l=2023101301272236EC2EF6C6F14E39AACC
做梦还能梦见小时候的家，醒来就很伤感，那里已经拆迁了。,0,,江苏,
女孩子真可怜，没有老家,0,,山东,
地排车,0,,山东,
90后，小时候农活是干够了，,1,,安徽,
我又何尝不想回呢,0,,四川,
回到老家我觉得更累，父母一言不合就吵架，邻居勾心斗角的捧高踩低，可能是我不够强大,2,2,贵州,
哪里还有这样的架子车？,0,1,山西,
那些年的我们 就算送回了原来的体重，留回了原来的长发，穿上自己喜欢的衣服，潇洒的走在大街上，可我们再也不是以前那个无忧无虑的姑娘了，我知道我们的青春回不去了,0,,广西,
喜欢这样的环境,0,,日本,
好多年没回来了，什么都变了，又感觉什么都没变,1,,IP未知,https://p3-sign.douyinpic.com/tos-cn-i-p14lwwcsbr/d728b900d0284c67885f0a32dfbe07ee~tplv-p14lwwcsbr-1.image?x-expires=1697151600&x-signature=J%2Fgt8QUjbac%2B6jLF%2FNwUQX9E8Jw%3D&from=2064092626&se=false&sc=thumb&biz_tag=aweme_comment&l=2023101301272236EC2EF6C6F14E39AACC
老家是很多人想回却回不了的远方了,0,,广东,
很珍贵的影像,0,,山东,
真好,0,,山西,
老家现在只是一个印记了,1,,河北,
我老家田野空气不好了。感觉到处都是粪便味道,0,,福建,
谁懂呀~6年前一件衣服五百多，眼睛不眨就买了，现在50一件的衣服犹豫了大半天，这日子怎么被我过成这样了,1,,辽宁,
回不去的过往，回不去的从前，还有父母尚在时的家。,1,,黑龙江,
以前想逃离的地方是我现在再也回不去的地方！,3,,广西,
想回家永远都不出来了，但是房贷要还，所以慢一步都不行,1,,湖南,
我好累,0,,广西,
渐行渐远的不是老家，是无忧无虑的童年，是儿时的小伙伴，是陪你长大的亲人，是曾经满是烟火气的村庄。记忆里依稀记得放学回家那条泥泞的小路，走过整个童年的春夏秋冬。,1,,江苏,https://p3-sign.douyinpic.com/tos-cn-i-p14lwwcsbr/8911a9124a4a4c76a23024dc5fe9febd~tplv-p14lwwcsbr-1.image?x-expires=1697151600&x-signature=89JOjkZNyyTno9qCCmPCbbptYXw%3D&from=2064092626&se=false&sc=thumb&biz_tag=aweme_comment&l=2023101301290492C801061F2A7D38E6CE
这是河南哪啊，,0,,河南,
好像杨集的一条路,0,,河南,
我现在也回老家了，确实很治愈,0,,山东,https://p11-sign.douyinpic.com/tos-cn-i-p14lwwcsbr/221ca3eaf05a4252bad775928b3fca2d~tplv-p14lwwcsbr-1.image?x-expires=1697151600&x-signature=0EFhWGssyDsfJhU%2BdiAhGDauFt0%3D&from=2064092626&se=false&sc=thumb&biz_tag=aweme_comment&l=2023101301290492C801061F2A7D38E6CE
小时候总是不理解，老人为什么总喜欢坐在路边看庄稼，一坐就是半天。长大后才明白，目之所及，皆是回忆；心之所想，皆是过往；眼之所看，皆是遗憾。,0,,安徽,
以前姥姥门口孩子特别多，现在都是七十岁左右的老人，并且基本每家都剩一个人了……,0,,山东,
,0,,河南,https://p3-sign.douyinpic.com/tos-cn-i-p14lwwcsbr/8c90b401f4eb43f281ba590b152873d5~tplv-p14lwwcsbr-1.image?x-expires=1697151600&x-signature=beyY5KVEY6DffntUFYZiujGiH%2BY%3D&from=2064092626&se=false&sc=thumb&biz_tag=aweme_comment&l=2023101301290492C801061F2A7D38E6CE
,0,,广东,https://p3-sign.douyinpic.com/tos-cn-i-p14lwwcsbr/9c03d7844fd3434b8271051e0ae258e1~tplv-p14lwwcsbr-1.image?x-expires=1697151600&x-signature=k28mELA3UbCfSxRkVzrAqBGwIXg%3D&from=2064092626&se=false&sc=thumb&biz_tag=aweme_comment&l=2023101301290492C801061F2A7D38E6CE
,0,,江苏,https://p9-sign.douyinpic.com/tos-cn-i-p14lwwcsbr/b83b002623e248c59ed0d9f25c5e095c~tplv-p14lwwcsbr-1.image?x-expires=1697151600&x-signature=frWgjUpReOyQd6EWB3XhpP64zDY%3D&from=2064092626&se=false&sc=thumb&biz_tag=aweme_comment&l=2023101301290492C801061F2A7D38E6CE
回家之后发现更累，从地里把玉米掰回家，你以为这就结束了？不不不，还得脱粒装袋，运回屋里,0,,山东,
谁人背后不说人，谁又背后不被人说，改变不了别人，那就改变自己,0,,安徽,
城里有楼房，老家能上房,0,,天津,https://p26-sign.douyinpic.com/tos-cn-i-p14lwwcsbr/fbb62f742cb44dada386379d29cdf4ef~tplv-p14lwwcsbr-1.image?x-expires=1697151600&x-signature=tI%2F4sXg0vhj%2B8cWtqPe9JKEBLfI%3D&from=2064092626&se=false&sc=thumb&biz_tag=aweme_comment&l=2023101301290492C801061F2A7D38E6CE
父母在人生尚有来出，父母去人生就剩归途，物是人非，家乡再也不是那个家乡了,3,,塞尔维亚,
,0,,广东,https://p26-sign.douyinpic.com/tos-cn-i-p14lwwcsbr/0e3b0bcff1154ecbbb813e417a13812d~tplv-p14lwwcsbr-1.image?x-expires=1697151600&x-signature=VcwXurQtI4l7MhlgnQLeRhsPnmE%3D&from=2064092626&se=false&sc=thumb&biz_tag=aweme_comment&l=2023101301290492C801061F2A7D38E6CE
回忆真是个好东西,1,,辽宁,
国庆回去拍的，这是我老家的清晨,5,,广西,https://p3-sign.douyinpic.com/tos-cn-i-p14lwwcsbr/bc5849ce582246cb96629805e52e3f90~tplv-p14lwwcsbr-1.image?x-expires=1697151600&x-signature=PZGCbITSzrpqhiBBwQ%2FC0lzjgNw%3D&from=2064092626&se=false&sc=thumb&biz_tag=aweme_comment&l=2023101301290492C801061F2A7D38E6CE
音乐响起，一下子拉回到追剧蓝色生死恋的年纪,7,2,河北,
老家早已不是当年的老家，老家闲言碎语多，是非更多，农村生活并不容易,6,1,河南,
女孩子是没有老家回的，看着自己两个孩子和那个所谓的老公，心里还是感觉心无所归，没有一点归属感，是不是很心酸？,10,1,广西,
去年拍的老家的早晨,5,1,广东,https://p3-sign.douyinpic.com/tos-cn-i-p14lwwcsbr/da99cdb6266547d69c148a85d41b2b8a~tplv-p14lwwcsbr-1.image?x-expires=1697151600&x-signature=9Lq62D7Cw9G2BpGIDV5KV9W84Eg%3D&from=2064092626&se=false&sc=thumb&biz_tag=aweme_comment&l=20231013013007F14626A2CD71CE391891
其实老家的水比你想像的深的深,6,,河北,
老家的刷碗神器,2,,江苏,https://p3-sign.douyinpic.com/tos-cn-i-p14lwwcsbr/65b891f68c8241e0a0e5b9132fa1a9a6~tplv-p14lwwcsbr-1.image?x-expires=1697151600&x-signature=lhqvScuTm%2B1UwuwdcSkyo6MGv4A%3D&from=2064092626&se=false&sc=thumb&biz_tag=aweme_comment&l=20231013013007F14626A2CD71CE391891
农村，是富人眼里的天堂，穷人眼里的荒凉，是诗人笔下的远方，是游子做梦都想回到的地方。它没有城市的繁华，却有熟悉的味道，和自己的爹娘,138,3,山东,
我差不多隔三差五要回老家一趟，可是国庆回去突然发现爸爸妈妈老了，两鬓斑白，弯腰驼背，长辈那些也离开得差不多了，小孩全都到了镇上或者县城读书，老家已经连学校都没有了，劳动力也越来越少了，不知道父辈他们走了以后，农村会是什么样的,5,,四川,
,5,,陕西,https://p26-sign.douyinpic.com/tos-cn-i-p14lwwcsbr/7b3854af73e34514b90954a239eaac88~tplv-p14lwwcsbr-1.image?x-expires=1697151600&x-signature=Lq4evi%2Faglr4C5T3wNPsjVMji2Q%3D&from=2064092626&se=false&sc=thumb&biz_tag=aweme_comment&l=20231013013007F14626A2CD71CE391891
时隔三年多弟弟结婚回了趟老家，在外地的亲戚都回来了看到了儿时的弟弟妹妹心情很好。抽空又去了老家村里……人很少，金灿灿的田地配上蓝天，一望无际，真的很治愈，走过儿时走过的路回想童年，真的好想回到爷爷奶奶在世的时候,6,,河北,https://p26-sign.douyinpic.com/tos-cn-i-p14lwwcsbr/8b424b38cd1a4dbfadd1ebf941fb5f5b~tplv-p14lwwcsbr-1.image?x-expires=1697151600&x-signature=8roB220lp1eu6PIEReNG%2BfB0N7s%3D&from=2064092626&se=false&sc=thumb&biz_tag=aweme_comment&l=20231013013007F14626A2CD71CE391891
我不想回老家了，家里的闲言碎语……家里的慢节奏……一人三餐……会更累更没有盼头。,5,,广东,
有没有朋友经历过这样场景,6,1,广东,https://p26-sign.douyinpic.com/tos-cn-i-p14lwwcsbr/f9ab4f04c7054704b56b3c310b185f22~tplv-p14lwwcsbr-1.image?x-expires=1697151600&x-signature=bSHIQL0owpJk6AUjwPN8%2F5T%2FhAk%3D&from=2064092626&se=false&sc=thumb&biz_tag=aweme_comment&l=20231013013007F14626A2CD71CE391891
一听这个音乐就想哭,9,,吉林,
如果在外面觉得累，就回农村老家 听听那些左邻右舍，闲言碎语，你会感觉更累,15,2,安徽,
回家后发现以前的长辈相继离世了，路上的小朋友一个都不认识，童年的小伙伴早已各奔东西，那种孤独感落寞感涌上心头，所以，我们怀念的不是那个地方，而是存在于脑海里的记忆，那回不去的童年时光,30,2,北京,
我的老家在我梦里,9,,山东,https://p26-sign.douyinpic.com/tos-cn-i-p14lwwcsbr/b13891f56dc746cb90722370d2472d65~tplv-p14lwwcsbr-1.image?x-expires=1697151600&x-signature=hsg%2BivkkLbZ94NGk2%2F5qScQAFts%3D&from=2064092626&se=false&sc=thumb&biz_tag=aweme_comment&l=20231013013007F14626A2CD71CE391891
我也是农村长大的，但我觉得在外边挺好的，不想回去,5,1,河北,
远嫁的姑娘们，你们多久回一次老家,8,1,福建,
明明是我长大的地方，可我再也回不去了,15,2,湖南,https://p26-sign.douyinpic.com/tos-cn-i-p14lwwcsbr/4137603d7d704ccca72048969ffa684f~tplv-p14lwwcsbr-1.image?x-expires=1697151600&x-signature=7mH9HYX6NqitCR64sBI6tqZs9Nc%3D&from=2064092626&se=false&sc=thumb&biz_tag=aweme_comment&l=20231013013007F14626A2CD71CE391891
有钱的就是风景，没钱的净是土,6,,广西,
农村是非多，跟城镇差不多了，都是大门紧闭在家打牌，没有以前的味道了，只剩下尔虞我诈，看不得你过的比他好，八卦一大堆,7,1,广东,
蓝色生死恋,6,,陕西,
听到这个曲子，不由的想起蓝色生死恋这部剧,12,,辽宁,
中秋节回老家看了一下，看房子塌的只剩堂屋了，院子里两颗多年的石榴树还结着果实，门口两边的邻居只有爷爷奶奶辈的，他们不认识我，问我“你是谁啊？”我说了小名，爷爷奶奶都激动的叫我乖乖，乖儿，你长这么大奶奶都不认识你了，我真的满眼都是泪，一次次的流出来又很尴尬。临走时，奶奶端出一筐白色的玉米让我带走说回去炸爆米花吃，我说不用了奶奶，我们那里没有加工这个的，奶奶说带着吧，带着吧，奶奶没什么好给你的，这个做爆米花真好吃，是好玉米，我很难过，真的很难过,41,8,江苏,
没觉得农村多单纯，感觉挺复杂,21,5,河南,
我长大的家里边却没有我爱的人了,7,3,辽宁,https://p3-sign.douyinpic.com/tos-cn-i-p14lwwcsbr/130eeba7fae840c8b5ae62c9bf7fd6eb~tplv-p14lwwcsbr-1.image?x-expires=1697151600&x-signature=fIvNh%2FlsND2GJH71JZR8vxb60xA%3D&from=2064092626&se=false&sc=thumb&biz_tag=aweme_comment&l=202310130137564565076F65D4BC46E261
最喜欢老家这种路 走在上面 整个心都平静了,8,2,IP未知,https://p3-sign.douyinpic.com/tos-cn-i-p14lwwcsbr/7fd0ca80602244d08412e33f15eb4b2b~tplv-p14lwwcsbr-1.image?x-expires=1697151600&x-signature=VBKTQ1vYB9%2BqNxPKN75q6YhMwUw%3D&from=2064092626&se=false&sc=thumb&biz_tag=aweme_comment&l=202310130137564565076F65D4BC46E261
,5,,江西,https://p11-sign.douyinpic.com/tos-cn-i-p14lwwcsbr/385c95d209bb4fd19d68910c7ced01de~tplv-p14lwwcsbr-1.image?x-expires=1697151600&x-signature=%2FzSHs0%2BWK1b%2BmCZsFnFclJY8PjM%3D&from=2064092626&se=false&sc=thumb&biz_tag=aweme_comment&l=202310130137564565076F65D4BC46E261
有钱老家是净土，没钱回家净是土,5,,河南,
现在长大的我回家就在自己家里呆着，看着许多东西我陷入了沉思我感觉到回家的时候最好的事情就是给家人做饭，做他们喜欢吃的饭，给他们最想要的东西，比任何事情都有意义，至于伙伴之类的人，那只是回忆，陪着自己的家人和亲人比啥都重要，这才是回家最具有意义的事情，这是我对回家的诠释，大家有没有同感,7,4,陕西,
我老公老家是大山，十一放假回老家，他说山上有野果，我说我想吃，我公公60多岁了，吃完饭就带我老公往刚下完雨的山上去摘，我可能比较感性，我觉得我得到了公公婆婆的宠爱，不是金钱是真心,8,1,河南,https://p3-sign.douyinpic.com/tos-cn-i-p14lwwcsbr/382e131dec0447489d251333d643a6cb~tplv-p14lwwcsbr-1.image?x-expires=1697151600&x-signature=U4jp0GFht7fweGGXePOyJRywBB4%3D&from=2064092626&se=false&sc=thumb&biz_tag=aweme_comment&l=202310130137564565076F65D4BC46E261
三十岁了，负债二十万，焦虑抑郁感觉熬不下去了，回老家了几天，今天突然看到了一件旧的东西。想起以前虽然辛苦，但是也累的开心，自己突然也就慢慢想开了放下了,5,,河北,
混的好回来可以，混不好回来你就是整个村的话题,5,1,河北,
家门口就是风景,12,1,广西,https://p9-sign.douyinpic.com/tos-cn-i-p14lwwcsbr/3ad0486ce0eb4d6a9aa981f335d07183~tplv-p14lwwcsbr-1.image?x-expires=1697151600&x-signature=IuU%2FhgDJdU7mSEymN0k8BZa6%2FmE%3D&from=2064092626&se=false&sc=thumb&biz_tag=aweme_comment&l=202310130137564565076F65D4BC46E261
我男朋友谈了五年了，赌博抽烟喝酒经常骂我，喝醉酒动手打我，我要分手他每次都会跪下来恳求我，发誓再也不会有下一次，我还能不能嫁给他？我好纠结,18,78,山东,
回老家真的治愈心情，每次我回家都感觉一点压力都没有，特别放松,5,1,黑龙江,
路还是同样的路，但已回不去。,5,,安徽,
我是不愿意回去   没把自己自愈好都要被情报队给嚼舌根嚼死,5,2,福建,
娘家回不去了，婆家不待见，该何去何从,5,2,河南,
如果有一天累了，就回老家看看，看看因为没钱还在受苦受累的收玉米，赶紧麻溜去搬砖。农村除了所谓的美景，处处都是劳苦！,28,1,河北,
我是出嫁的女子   我感觉自己永远都没有机会去看那些风景了   老公家也不用说了   结婚十年  其中三四年没有回家过个年  其他时候回去不超过十天就离开了   自己的婚床十年都只睡了三四次   这个音乐听起来挺舒服的   可是很多东西很多感觉还是找不到了,10,1,云南,
好惬意的生活,5,,陕西,https://p26-sign.douyinpic.com/tos-cn-i-p14lwwcsbr/19a1c2941fc34eb1b5f34849455b46ec~tplv-p14lwwcsbr-1.image?x-expires=1697151600&x-signature=pYuNW8wCED5wIJHqkCaKPCrW3PM%3D&from=2064092626&se=false&sc=thumb&biz_tag=aweme_comment&l=20231013013757686D4A7F0736A02E4CAF
其实老家是非多！天天议论你！各种嚼舌根！各种攀比！城市的话关上门谁都不认识谁 无聊了下楼去趟商场广场 挺好,14,2,内蒙古,
小学一走就是一天，初中一走就是一周，高中一走就是一个月，大学一走就是半年，打工一走就是一年，人生一走就是一辈子，到底什么样的终点，才配得上这一路的颠沛流离，回家前的喜悦，回家后的无聊，离家时的不舍，离家后的想念，终是故乡的阑珊灯火，印不出远方的星辰闪烁。曾经一切的一切，现在回头看看，那些难以跨过的山，其实都在不知不觉中跨过了，从前以为不能接受的，最后也在时间的磨合下，慢慢接受了，生活充满了想象，遗憾也不过是常态，其实人生，就是一个享受过程的过程，无论当初做什么选择都会后悔，但同时大家都心知肚明，我们无法站在现在的角度，去批判当时的自己，就算时间重来一次，以当时的心智和阅历，还是会做出同样的选择，那么，故事的结局还重要吗？钱没了可以再挣，工作丢了可以再找，朋友没了也可以再交，爱情没了可以再遇，真正的强大不是忘记，而是接受，接受分道扬镳，接受世事无常，接受孤独挫败，接受突如其来的无力感，接受困惑，不安，焦虑和遗憾，你只需要平静下来，把该做的事情做好，把该走的路都走完，生命那么短暂，没有所谓的标准答案和完美的人生，回头看，轻舟已过万重山，接下来，我们一定会迎来新的光明！,5,,广东,
其实和村里的人勾心斗角也是一种生活，人在一个地方呆久了也想逃离，去那里都离不开生活的牢笼，看见身边的人一个一个的死去，没人和你争吵非常的孤独觉得没意思,5,,广东,
你们信吗  我都闻到那种熟悉的味道了  空气中那种有点凉凉的青草味道  回忆童年伤感是因为父母那时候还年轻  弟弟最爱的是姐姐   我的好朋友也都是好朋友   …,7,1,上海,
然后时间长了，你会发现村里人和职场人一样，勾心斗角,8,1,江西,
特别想在老家住一段时间，可是回老家都没自己房间的，100公里，每次回去匆忙回来，感觉对不起老公和两个孩子…每次回去邻居都说：大老远回来住几晚啊…我不知道怎么接话,5,,江苏,
爷爷奶奶都去世了，再也回不去了，回不去的过去，回不去的老家………,5,,江苏,
回家最喜欢散步的地方,0,,湖北,https://p6-sign.douyinpic.com/tos-cn-i-p14lwwcsbr/4e1496e940ac4ba1b0da1f60f0449c4a~tplv-p14lwwcsbr-1.image?x-expires=1697151600&x-signature=LUp8IgzbicnOvRMwhi0Y6A1AGgM%3D&from=2064092626&se=false&sc=thumb&biz_tag=aweme_comment&l=20231013013757686D4A7F0736A02E4CAF
这图片也适合这音乐……有人抄个歌词吗？,99,48,四川,https://p9-sign.douyinpic.com/tos-cn-i-p14lwwcsbr/046b26d9c48d4b72bd1ffc0264cdc31e~tplv-p14lwwcsbr-1.image?x-expires=1697151600&x-signature=9M8aodCjXvgdMISCPffkV2trXKY%3D&from=2064092626&se=false&sc=thumb&biz_tag=aweme_comment&l=20231013013757686D4A7F0736A02E4CAF
很喜欢深秋晨起的薄雾，还记得我爷爷带我一早起来坐绿皮火车去买玉米种子，火车上有卖鸡蛋的，卖柿子的……从此世界上再也没有小时候写作业的煤油灯，没有我爷爷给我买的红豆雪糕、没有了童年的烟火气，永远变成了烟火气，想我爷爷奶奶了,12,1,陕西,
全网找一个一单李佳琦的货没买过，一单薇娅的没买过，一单小杨哥也没买过的朋友,57,12,甘肃,
,5,2,广西,https://p26-sign.douyinpic.com/tos-cn-i-p14lwwcsbr/c1a1618884fd402baf464b2829ab4600~tplv-p14lwwcsbr-1.image?x-expires=1697151600&x-signature=vICvFnuGHhKuXJEIFfpVGTYM%2F70%3D&from=2064092626&se=false&sc=thumb&biz_tag=aweme_comment&l=20231013013757686D4A7F0736A02E4CAF
今天刚回了趟老家，爷爷家的枣早已把枣树压弯了腰，午后的阳光洒在地上，自在，悠然。刹那间就回到了小时候，和兄弟姐妹一起躺在廊下的凉席上，奶奶拿着竹扇帮我们扇风，惬意的睡醒后有温热的蜂蜜水，喝完就在院子里疯跑。再看看现在的爷爷奶奶都是马上要80岁的满头白发老人了，时光荏苒，心里默默的告诉自己，赚钱的同时，一定要多回家看看。,8,1,浙江,https://p26-sign.douyinpic.com/tos-cn-i-p14lwwcsbr/49b7ea836dca46a1b25e8958eb383ba3~tplv-p14lwwcsbr-1.image?x-expires=1697151600&x-signature=VG5gnp4tal6kJUNXRTS94%2BnzRow%3D&from=2064092626&se=false&sc=thumb&biz_tag=aweme_comment&l=20231013013757686D4A7F0736A02E4CAF
主播应该是80后，年少时大家同看的蓝色生死恋,9,,河南,
小的时候拼命想要逃离的地方，却成了长大后遥不可及的 拼命向往的地方……80后再也回不去的青春在外打工人的心酸,6,,浙江,
这是什么音乐,6,1,安徽,
全网找一个一单李佳琦的货没买过，一单薇娅的没买过，一单小杨哥也没买过的朋友吗？,88,67,江西,
好想回老家可背负的太多太多了回不去了,0,,江苏,https://p3-sign.douyinpic.com/obj/douyin-user-image-file/20ef6f98c51c104c3d50caecb33f94af?x-expires=1697151600&x-signature=r60Ba1FFJsSqTIkuFS0KtMrgkc4%3D&from=2064092626
,0,,四川,https://p11-sign.douyinpic.com/tos-cn-i-p14lwwcsbr/36121b5e95cf444ba9f222ed5a5db8e2~tplv-p14lwwcsbr-1.image?x-expires=1697151600&x-signature=dwmwmtkBfKaR3IILo9bFuS6mrxk%3D&from=2064092626&se=false&sc=thumb&biz_tag=aweme_comment&l=20231013013757686D4A7F0736A02E4CAF
,5,,吉林,https://p3-sign.douyinpic.com/tos-cn-i-p14lwwcsbr/7c192299b83140868767133af65b3cdd~tplv-p14lwwcsbr-1.image?x-expires=1697151600&x-signature=PfapDYAM1hDYzCfRAL1JHEBi6ws%3D&from=2064092626&se=false&sc=thumb&biz_tag=aweme_comment&l=2023101301375808439874EA025B383DE8
有玩过这个地方么,5,,河北,https://p26-sign.douyinpic.com/tos-cn-i-p14lwwcsbr/e7df6c5c744a461c83eda09fcae6f327~tplv-p14lwwcsbr-1.image?x-expires=1697151600&x-signature=5oPoE7puSrJqWgLEndmbDy5K05w%3D&from=2064092626&se=false&sc=thumb&biz_tag=aweme_comment&l=2023101301375808439874EA025B383DE8
没有老家的怎么办！,5,,山东,
在外打拼真的累，太多是心累，在农村只是身体上的累，在外两者都累,5,,云南,
妈在家就在   妈不在去哪里都是流浪,5,,新疆,
等我们8090老了，回去应该不是这样的场景了吧  地没人种 荒草遍地。,5,1,江苏,
我再也没有老家了我老家被拆迁了我好想我的老家啊,5,1,安徽,
说实话，随着时间的推移，回去每次小时候的记忆都没有了，环境变了，人离开的，出去的，都不是小时候的样子了，突然回想，人这一生，太短太小,5,,山东,
我想家想爸爸妈妈,5,,广东,
芝麻真好,5,,陕西,
好像我家的地方,5,,陕西,https://p3-sign.douyinpic.com/tos-cn-i-p14lwwcsbr/e5190e30b246485ea71c4fcc910fa777~tplv-p14lwwcsbr-1.image?x-expires=1697151600&x-signature=4iQtDzaKyZSXSrWP51KKfCYHu3I%3D&from=2064092626&se=false&sc=thumb&biz_tag=aweme_comment&l=2023101301375808439874EA025B383DE8
,5,,浙江,https://p3-sign.douyinpic.com/tos-cn-i-p14lwwcsbr/74061d3a9a44437896f4df73917df59c~tplv-p14lwwcsbr-1.image?x-expires=1697151600&x-signature=ycDO0JyDnTLepIO8Pq49ONRKJeg%3D&from=2064092626&se=false&sc=thumb&biz_tag=aweme_comment&l=2023101301375808439874EA025B383DE8
差点以为是我家村口,5,,河南,
我天天如此，没觉得怎么样,5,,安徽,
,5,,湖北,https://p26-sign.douyinpic.com/tos-cn-i-p14lwwcsbr/79cdc097388e4c408014376bdd61afd0~tplv-p14lwwcsbr-1.image?x-expires=1697151600&x-signature=KO2jigSpoyO1utTq2U%2B4G%2FFMXkM%3D&from=2064092626&se=false&sc=thumb&biz_tag=aweme_comment&l=2023101301375808439874EA025B383DE8
吃过农村大席的报个名,5,3,辽宁,https://p9-sign.douyinpic.com/tos-cn-i-p14lwwcsbr/d255d15e6f884c21a9c8aea8a2194c4b~tplv-p14lwwcsbr-1.image?x-expires=1697151600&x-signature=KYZ%2BIf3DxKA%2FRaTioDNgNVvAwXA%3D&from=2064092626&se=false&sc=thumb&biz_tag=aweme_comment&l=2023101301375808439874EA025B383DE8
每年暑假都会带孩子们回老家住一个多月,5,,北京,
,5,,湖南,https://p3-sign.douyinpic.com/tos-cn-i-p14lwwcsbr/47a368ffa6594dbba760f87c46ed50c1~tplv-p14lwwcsbr-1.image?x-expires=1697151600&x-signature=VNjD7tZwJTBnVkBkfoeDivPGGhA%3D&from=2064092626&se=false&sc=thumb&biz_tag=aweme_comment&l=2023101301375808439874EA025B383DE8
,5,2,安徽,https://p26-sign.douyinpic.com/tos-cn-i-p14lwwcsbr/b02ebf9edd0846249bda08a906208e05~tplv-p14lwwcsbr-1.image?x-expires=1697151600&x-signature=mHxl%2Bk%2FIEffvke8yGUJGItSQaWM%3D&from=2064092626&se=false&sc=thumb&biz_tag=aweme_comment&l=2023101301375808439874EA025B383DE8
认同，疲惫不堪的时候踏上家里那片土地会有安慰，虽然家里没有人了。,5,,山东,
农村的环境,5,,IP未知,
老了我就去农村买房，不用交物业费，不用担心安保不让进小区,5,3,北京,
所以这是谁的家乡,5,1,河北,https://p3-sign.douyinpic.com/tos-cn-i-p14lwwcsbr/19d878044d7b4b0dac45039836523961~tplv-p14lwwcsbr-1.image?x-expires=1697151600&x-signature=rtK9aY1GzqHoZYdMJCrOUSt4ae4%3D&from=2064092626&se=false&sc=thumb&biz_tag=aweme_comment&l=202310130137585C38EBC775255C2D6096
每年都会回去，但是今年有可能不回去了吧。,5,,湖南,
这一辈子，最放松的地方就是父母在的地方,5,1,河北,
,5,,云南,https://p9-sign.douyinpic.com/tos-cn-i-p14lwwcsbr/a0703f1b7f96416abfa11d1aeb08a8a8~tplv-p14lwwcsbr-1.image?x-expires=1697151600&x-signature=iiiyVov84zO5Y0UmizItTX2VZIE%3D&from=2064092626&se=false&sc=thumb&biz_tag=aweme_comment&l=202310130137585C38EBC775255C2D6096
老家 是别人的归属  它早已不是我的港湾   人在哪里  家就在哪里,5,,黑龙江,
当初因为乡下户口，城里上学要加钱，把乡下的房子卖了，把户口迁到城里的有多少,5,1,江苏,
我小时候最不想干的农活，成了闺女现在没见过的风景…,5,,山东,https://p3-sign.douyinpic.com/tos-cn-i-p14lwwcsbr/1e0242cc7e3e44e9969e0e26c98542c8~tplv-p14lwwcsbr-1.image?x-expires=1697151600&x-signature=vIrUApbvBMFbVlH%2FW6kY7CsJG8Q%3D&from=2064092626&se=false&sc=thumb&biz_tag=aweme_comment&l=202310130137585C38EBC775255C2D6096
成家立业有小孩了，你就就会无时无刻的想家…,5,,广东,https://p26-sign.douyinpic.com/tos-cn-i-p14lwwcsbr/fd9cdf1c7d42498aba95eb501e1a4702~tplv-p14lwwcsbr-1.image?x-expires=1697151600&x-signature=16nL3OxCtjG5w954H7Bi5sbLjJA%3D&from=2064092626&se=false&sc=thumb&biz_tag=aweme_comment&l=202310130137585C38EBC775255C2D6096
以前都想往城市里跑，现在又怀念乡下的生活,5,,湖南,
老家啥都好，就是蚊虫太多了,5,2,贵州,
大学生，跨省，好想回家,5,,山东,
,5,,河北,https://p26-sign.douyinpic.com/tos-cn-i-p14lwwcsbr/de9f594db7d04e0585c2ffd48dfb478f~tplv-p14lwwcsbr-1.image?x-expires=1697151600&x-signature=sPSdkMold9zyGN4ZRCExKAild2U%3D&from=2064092626&se=false&sc=thumb&biz_tag=aweme_comment&l=202310130137585C38EBC775255C2D6096
一看就是我们大河南的田间小路,5,,广东,
如果可以  多想和她就这样静静的生活在世外桃源，不被外界打扰～,5,,河南,https://p3-sign.douyinpic.com/tos-cn-i-p14lwwcsbr/42c605eef6cc4a9c9d91a390387653ec~tplv-p14lwwcsbr-1.image?x-expires=1697151600&x-signature=pxq5g6yVSt%2BsyMOwFJdgE2Qfmzo%3D&from=2064092626&se=false&sc=thumb&biz_tag=aweme_comment&l=202310130137585C38EBC775255C2D6096
今年走之前拍的,5,2,浙江,https://p3-sign.douyinpic.com/tos-cn-i-p14lwwcsbr/98aef464152542debe55643bd1eb5cc5~tplv-p14lwwcsbr-1.image?x-expires=1697151600&x-signature=ubhN9TFuqafNIU9xiNGGR%2FQ%2Bd2A%3D&from=2064092626&se=false&sc=thumb&biz_tag=aweme_comment&l=202310130137585C38EBC775255C2D6096
河北的玉米田真的是很有意境,5,,广东,
好像小时候回村的村口,5,,河北,
看着好舒服,5,,湖北,
好像我家的地头,5,,福建,
可是再回去爸爸，爷爷都不在了，剩下的只有回忆,5,,浙江,
想家了,5,,河北,
是不是老家都是这样的,5,,河北,
@-YOO好喜欢这种田园生活,5,1,福建,https://p26-sign.douyinpic.com/obj/tos-cn-i-3jr8j4ixpe/a8a122356caa4dcf96efccc69b0bcdb4?x-expires=1697151600&x-signature=Af782xGN%2FohS1d7L9mRRI4yQ4Ws%3D&from=2064092626
老家 是感觉亲切 让人想念 可是生活需要柴米油盐酱醋茶 不得已离开家乡为了几两碎银,5,,广东,
这是我们村，马上快收秋了！希望今年有个好收成,5,,河南,https://p26-sign.douyinpic.com/tos-cn-i-p14lwwcsbr/b092f8cb785d4bdfa66cdc4d0866f580~tplv-p14lwwcsbr-1.image?x-expires=1697151600&x-signature=yWFCxpgc%2F957%2FgeLiZMbNFKl2xY%3D&from=2064092626&se=false&sc=thumb&biz_tag=aweme_comment&l=202310130137598E6BF8D095A7F147EFB7
我家在农村我骄傲，因为我真的很喜欢农村的生活,5,,浙江,
农村人，不想回去。偶尔回去也希望任何人都别理我，就让我自己到处逛逛走走，都别跟我说话。,5,,江苏,
有没有知了猴,5,1,新疆,
我也好想回家，就是不敢,5,,云南,
老家永远是最后的避风港,5,,山东,
农村的感觉就是空气好，养老的好地方,5,1,福建,
好像小时候回村的村口,5,,陕西,
我很不喜欢这样的生活，虽然我也喜欢自由跟独处，但是还是要分清一个是生活一个是生存，同样的日子不同的意义。,5,,湖北,
我的家乡,5,,江苏,https://p26-sign.douyinpic.com/tos-cn-i-p14lwwcsbr/ac90cf226cd444e5aaee5d34b6e15bb4~tplv-p14lwwcsbr-1.image?x-expires=1697151600&x-signature=AeTZV1d2gcSMaow%2Fggonxl4YLCA%3D&from=2064092626&se=false&sc=thumb&biz_tag=aweme_comment&l=202310130137598E6BF8D095A7F147EFB7
舒适悠闲自在,5,,山西,
过几天就回家，在外面天天烦的很,5,,浙江,
人的情感是相通的，却不是相同的,5,,广东,
只愿父母健康，长命百岁，我们就永远有家可回！,5,,贵州,https://p6-sign.douyinpic.com/tos-cn-i-p14lwwcsbr/c18c56d262ca48a9bbd7a5ac1147ecfd~tplv-p14lwwcsbr-1.image?x-expires=1697151600&x-signature=RuHkPBfCwCnz05m9JdmG23wnzyc%3D&from=2064092626&se=false&sc=thumb&biz_tag=aweme_comment&l=202310130137598E6BF8D095A7F147EFB7
好想有个老家，时不时回去看看,5,2,河南,
如果爷爷奶奶在就好了,5,,广东,
小时候，家是最想逃离的地方，长大后反而成了最向往的地方,5,,IP未知,
是的我今年五月份回去直到前几天才出来来，真的不想出来！,5,,浙江,
真的是这样，目前我就在家疗伤伤太深了,5,,黑龙江,
一直思念的家乡生活，其实只是回忆童年的酸甜苦辣，童年的悲欢离合，童年的欢声笑语而已,5,,海南,
我也好喜欢 今天带着宝宝来乡下住了,5,,山西,
,5,,广西,https://p9-sign.douyinpic.com/tos-cn-i-p14lwwcsbr/b6fb2c5620414b178b214dac8623219f~tplv-p14lwwcsbr-1.image?x-expires=1697151600&x-signature=YRvRX%2BFSeJEpczAbtFBKLm%2BiAcE%3D&from=2064092626&se=false&sc=thumb&biz_tag=aweme_comment&l=20231013013759D6FAE4D5BFDBD62E3E1E
现在用架车子的很少了 农村都骑电动三轮车了,5,,安徽,
好像回到了小时候，致我们失去的青春。年少,5,,山东,
马上就可以放假回家了～,5,,上海,
父弃妈不要，连个窝都没有，我又该怎么回去呢,5,,上海,
今天刚拍的！,5,,福建,https://p11-sign.douyinpic.com/tos-cn-i-p14lwwcsbr/6d52b153710d478c86e50803d72569cf~tplv-p14lwwcsbr-1.image?x-expires=1697151600&x-signature=CaZ3tCVilDfAnE%2BAxftdk%2F8awxQ%3D&from=2064092626&se=false&sc=thumb&biz_tag=aweme_comment&l=20231013013759D6FAE4D5BFDBD62E3E1E
这个社会哪里都治愈不了我，唯独自己内心要变强大才能自己消化，就像刚才，两口子聊天都能吵起架来,5,1,江西,
我老家现在在一个公园里,5,,江苏,
伟岸的父亲和勤劳质朴的母亲！今年夏天回老家拍的！,5,,云南,https://p26-sign.douyinpic.com/tos-cn-i-p14lwwcsbr/45f67a0538b14bf19400119de0b2f7c9~tplv-p14lwwcsbr-1.image?x-expires=1697151600&x-signature=FY04xLjDcimEhjnGM9n2C%2BPXRUY%3D&from=2064092626&se=false&sc=thumb&biz_tag=aweme_comment&l=20231013013759D6FAE4D5BFDBD62E3E1E
为什么回农村叫老家，回城市叫房呢，这是有原因的，只有家才能让你紧绷的神经放松下来，因为家没有勾心斗角，尔虞我诈。,5,1,山东,
父母：   你回家那么久了，不出去工作吗？ 不用上班了？  请假那么久，会给你发工资？   年轻人哪有窝在农村的，争气的都出去赚钱了……当你听到这些，再好的风景和怀旧情节，都会被破坏，有的年轻人不是不想回家，而是回家了情绪都要被影响，60%父母期待儿女回家是希望儿女带着大量金钱，回家能光宗耀祖，而不是儿女累了，期盼儿女回家休息的。,5,2,广东,
老家是慢生活城市是快节奏的生活。,5,1,浙江,
好舒服  我要回农村,5,1,上海,
老家没你拍的那么治愈没钱在老家也不好过,5,2,广东,
现在农村的民风也没有以前那么纯朴了,5,1,浙江,
我一顿能吃两亩地,5,1,山东,https://p3-sign.douyinpic.com/tos-cn-i-p14lwwcsbr/a2074f201c09479fa2929d5a7b1afc5f~tplv-p14lwwcsbr-1.image?x-expires=1697151600&x-signature=sQiTSUDoC4uMNj2ezvLu84afZK8%3D&from=2064092626&se=false&sc=thumb&biz_tag=aweme_comment&l=20231013013759D44A9402F21337476BC8
看到你的视频，我也想回老家了。想起小时回到老家走到田间地头瓜田小棚时的场景了,5,2,重庆,
小时候真傻，竟然盼望着长大,5,1,广东,
回家睡的特别踏实,5,1,山东,
,5,1,湖北,https://p26-sign.douyinpic.com/tos-cn-i-p14lwwcsbr/567683a0af854f4e866b8359f4221180~tplv-p14lwwcsbr-1.image?x-expires=1697151600&x-signature=oFpaOc682Jo5az8hnF3MO75Mp9I%3D&from=2064092626&se=false&sc=thumb&biz_tag=aweme_comment&l=20231013013759D44A9402F21337476BC8
小时候觉得老家没有城市好，现在回头看，还是老家最好，很舒心,5,,江苏,
这是早上六点左右,5,,山东,
我也有这样的老家，一样一样的,5,,江苏,
袅袅炊烟，都是人间烟火呀,5,,广东,
回来一个礼拜不挣钱心里就不踏实,5,2,IP未知,
早上起来凉凉的味道，带着一点什么东西烧糊了的味道，一直在我记忆里,5,1,天津,
对于现在的我，我的孩子在哪我的家就在哪，加油！,5,,陕西,
以前老家是现在也攀比,5,1,广东,
,5,,湖北,https://p3-sign.douyinpic.com/tos-cn-i-p14lwwcsbr/dc3599d2f7f64fe5996377162611706d~tplv-p14lwwcsbr-1.image?x-expires=1697151600&x-signature=SqEhd9b%2FJ6qvXOxDolwpBdLykSw%3D&from=2064092626&se=false&sc=thumb&biz_tag=aweme_comment&l=20231013013759D44A9402F21337476BC8
,5,,江西,https://p11-sign.douyinpic.com/tos-cn-i-p14lwwcsbr/5fc19e38cd394dcf971ec048cabc6b33~tplv-p14lwwcsbr-1.image?x-expires=1697151600&x-signature=BGkyzPsKm6ziGH8Pa8mktTSlDQc%3D&from=2064092626&se=false&sc=thumb&biz_tag=aweme_comment&l=20231013013759D44A9402F21337476BC8
想起了小时候，怀念,5,,北京,
从小就怕下地干活，才努力去城市生活。这情景 很亲切又小难过,5,,广东,
这不是我的老家吗,5,,广东,
以前农村人多热闹，现在农村一般就剩下老人了，冷冷清清,5,,广东,
有老家，可是那不是我家，老家的每一样东西都属于弟弟，包括妈妈,5,1,重庆,
老家再美，可惜再也看不到爸妈的影子了,5,,西藏,
农村，我们心灵的归宿！,5,,江苏,
在城市住久了，真的很向往这里的环境，这里的生活,5,,山东,
月底就可以回家啦,5,,广东,
我们的老家已经没有这种景象了,5,,江西,
还是想念泥巴路，因为故乡更能知晓我挚爱她的温度。,5,,湖北,
回不去了，房子都没了。再回去只能是匆匆忙忙的给爷爷奶奶扫墓了。,5,1,浙江,
一听这音乐就想哭,5,2,河北,
对于从小在城市里长大的我来说，以前很不喜欢农村，现在真的好想能在农村有个小院子,5,1,重庆,
我很喜欢住农村,5,,河北,
我也有同感  累了回家很清净,5,,山东,
爱了,5,4,上海,https://p3-sign.douyinpic.com/tos-cn-i-p14lwwcsbr/cbd3fdfd48104c459dd5f6e7322336af~tplv-p14lwwcsbr-1.image?x-expires=1697151600&x-signature=07eRmLiUyOxIAVNzqSFPwIuIpuU%3D&from=2064092626&se=false&sc=thumb&biz_tag=aweme_comment&l=2023101301415308147BBEE35E752E4375
我们老家这种路没有啦,5,,四川,
同款老家……,5,,安徽,
田间地头，视频拍的不错，,5,,江苏,
看到带草帽的老爷爷想起了自己的爷爷,5,,浙江,
请问背景音乐是什么,5,1,江西,
,5,1,江西,https://p26-sign.douyinpic.com/tos-cn-i-p14lwwcsbr/ee873f4b4aa1490c8005dfe7b204981a~tplv-p14lwwcsbr-1.image?x-expires=1697151600&x-signature=ZLUfVZhK6WE10QEWQm6iWaNiBtk%3D&from=2064092626&se=false&sc=thumb&biz_tag=aweme_comment&l=2023101301415308147BBEE35E752E4375
故乡不仅仅是一个老旧的村子，它是一个充满自己童年回忆的地方，熟悉的街道，熟悉的邻居，熟悉的小卖部，熟悉的田地，一眼望去，能看到童年的自己……,5,,陕西,
田间地头,5,,福建,
老家真是一个好地方，主要可以守着爸妈,5,,河北,
,5,,山西,https://p3-sign.douyinpic.com/tos-cn-i-p14lwwcsbr/487c82dd115043d5b87169463807cfec~tplv-p14lwwcsbr-1.image?x-expires=1697151600&x-signature=Pl6xRt8BHxjOO%2F%2FvgF4i0CvRkLU%3D&from=2064092626&se=false&sc=thumb&biz_tag=aweme_comment&l=20231013015203DCFEDB0829E71446D488
每年都回去一次，住几天，放慢脚步歇一歇,5,,辽宁,
我惧怕农村，村里走一圈肯定成为议论的焦点,5,,浙江,
充满生活气息，人间烟火气,5,,上海,
这是我的老家，我又开始想家的,5,1,河南,
我也很想回老家，可惜回不去,5,,福建,
其实我真的很喜欢农村的各种田野，那种宁静～但是我真的不喜欢长住，七大姑八大姨，各种嚼舌根的邻里,5,2,广东,
我一直在老家，带着四个孩子，生活太苦太累，还好我有孩子们陪着,5,,广东,
这就好比以前人人都想弄个城市户口吃商品粮，现在都想弄个农村户口吃庄稼地,5,,河南,
我还有几十万的房贷没还，不敢回呀,5,1,河南,
像我们老家村头,5,,山东,
如果是别人的村子可能是，自己的故乡真没那么向往。农村人不知道从何时起变得不在淳朴，嫌人穷怕人富，总有说不完的闲言碎语，再也不是从前的故乡,5,1,广东,
月入三万左右，天天在生活了近40年的老家住着。,5,,湖南,https://p3-sign.douyinpic.com/tos-cn-i-p14lwwcsbr/6c5fb06f107c400f9a4319ce68ce03ba~tplv-p14lwwcsbr-1.image?x-expires=1697151600&x-signature=9HV9Np4KzKDYSPGCR6jYdCINzu8%3D&from=2064092626&se=false&sc=thumb&biz_tag=aweme_comment&l=20231013015203DCFEDB0829E71446D488
还可以，天然食品,5,,内蒙古,https://p11-sign.douyinpic.com/tos-cn-i-p14lwwcsbr/96c0d4a9098b4df699bfd6f4b3437dcf~tplv-p14lwwcsbr-1.image?x-expires=1697151600&x-signature=jg2%2BPCrrqyQ5KKOyQo2icWiBjEg%3D&from=2064092626&se=false&sc=thumb&biz_tag=aweme_comment&l=20231013015203DCFEDB0829E71446D488
我老家就这样,5,,辽宁,
越来越喜欢镇上的生活，县城人多点都不太适应，对大城市里便利的交通，种种发达，越来越不感兴趣。,5,4,四川,
闲人穷怕人富是真的,5,,山东,
回不去的曾经,5,,湖南,
回去也没啥了，小时候大家种花生芝麻大豆的地都变工厂了，每个户头得几千块，祖祖辈辈的山地没了，剩下每人几分田，都给人集体承包了，大家山田间耕作的情形也难看见了，啥啥都是机械化，连打药都是无人机。,5,,福建,
大家一个问题，现在你们觉得是上班累还是上学累？,5,10,安徽,
小时候拼命想离开的地方，现在拼命的想回去,5,1,江苏,
好努力了那么多年不容易从那里爬出来。你劝我回去，你当我傻啊！童年的阴影历历在目,5,1,浙江,
我的老家，义门古镇,5,,安徽,https://p3-sign.douyinpic.com/tos-cn-i-p14lwwcsbr/5cb143203777446e9e1e2474f711d2fe~tplv-p14lwwcsbr-1.image?x-expires=1697151600&x-signature=Vb%2F9EuMfaJtrdx7SFvG4BTIGbZM%3D&from=2064092626&se=false&sc=thumb&biz_tag=aweme_comment&l=2023101301520604EB349B75B57C307400
我每次回去看看我妈家田里心情都轻松多了,5,,江苏,
我现在就是越远越不想出去，就想离家近点，回家近点！,5,,重庆,
不喜欢农村，最怕前年一群唠嗑的长舌妇，路过你就是她们的话题,5,1,浙江,
,5,1,广东,https://p26-sign.douyinpic.com/tos-cn-i-p14lwwcsbr/4f50e884b4a747c5834415a3950f8fbb~tplv-p14lwwcsbr-1.image?x-expires=1697151600&x-signature=cc%2F4zcrpTbnhhxb6G13%2BTnc%2FHUU%3D&from=2064092626&se=false&sc=thumb&biz_tag=aweme_comment&l=2023101301520604EB349B75B57C307400
现在回去再也碰不到在门口等着我的爷爷。,5,1,上海,
我们家乡水稻收割季节，有来农村体验生活的，还是免费的那种,5,2,湖南,https://p3-sign.douyinpic.com/tos-cn-i-p14lwwcsbr/1cb21137f59b4d8eb79701fe0c308994~tplv-p14lwwcsbr-1.image?x-expires=1697151600&x-signature=LfQzSYUZ8jNi6wx5GxzDvEA%2Bugs%3D&from=2064092626&se=false&sc=thumb&biz_tag=aweme_comment&l=2023101301520604EB349B75B57C307400
感觉好像河北保定的一个村庄,5,3,四川,
每次看到这样的场景，都会发会儿呆，那是小时候家乡的味道,5,1,江苏,
以前的人淳朴热情，在没有智能手机的年代节奏很慢，容易满足，心很放松,5,,河北,
小山村，我的家,4,1,广东,https://p9-sign.douyinpic.com/tos-cn-i-p14lwwcsbr/2eec4921b0ad4857afa18bc58a32a8e7~tplv-p14lwwcsbr-1.image?x-expires=1697151600&x-signature=D01r3yWUVBPTj9RNIgx61NbRRmA%3D&from=2064092626&se=false&sc=thumb&biz_tag=aweme_comment&l=2023101301520604EB349B75B57C307400
真好，吃是躺在床上，妈妈正在给我洗衣服，爸爸正在陪我儿子睡，外婆外公还在旁边房子躺着，一切都是那么的幸福,4,,陕西,
出嫁的女人没有家，离开了从小张大的地方，被婆家人当外人，死了不想进婆家坟，娘家也不能回，这个世界对女人太不公平！,4,2,河南,
,4,2,陕西,https://p26-sign.douyinpic.com/tos-cn-i-p14lwwcsbr/bcfd20465d3c442497a6d01e3bc4c138~tplv-p14lwwcsbr-1.image?x-expires=1697151600&x-signature=Z%2Byv3IC%2BjFOf4rCS3pAbh0SH2Ao%3D&from=2064092626&se=false&sc=thumb&biz_tag=aweme_comment&l=20231013015208C7EE95F052728837BF26
清晨就着露水在地里拔那一大片地里的野草，你还会觉得老家好吗？,4,13,四川,
我的老家已经拆没了,4,,山东,
国庆回老家拍的，爸妈都住城里了，说回去也没啥看头，可是10多年在外就想回家看看，不管它好坏。。那都是日日夜夜的一个念想。。闻着熟悉的空气，心从没这么踏实过。。,4,1,新疆,https://p26-sign.douyinpic.com/tos-cn-i-p14lwwcsbr/801dc4eaf5cc4dec92ccf951b921695d~tplv-p14lwwcsbr-1.image?x-expires=1697151600&x-signature=iOytvCvCzZYC9UoPsKPYxZ0gFBY%3D&from=2064092626&se=false&sc=thumb&biz_tag=aweme_comment&l=20231013015208C7EE95F052728837BF26
昨天拍的外婆在给我拔葱,4,4,陕西,https://p3-sign.douyinpic.com/tos-cn-i-p14lwwcsbr/ea845b9a560c41e8b6e0fc7c18b8b310~tplv-p14lwwcsbr-1.image?x-expires=1697151600&x-signature=ProJR4MpLab8CmjeTFdljnUG3R0%3D&from=2064092626&se=false&sc=thumb&biz_tag=aweme_comment&l=20231013015208C7EE95F052728837BF26
村里有时候也不如市里，人际关系太累了,4,,河北,
一有时间就想回老家坐坐，坐在山岗上看远山,4,,重庆,https://p3-sign.douyinpic.com/tos-cn-i-p14lwwcsbr/3ddeb309639540d8a6505f64343d7269~tplv-p14lwwcsbr-1.image?x-expires=1697151600&x-signature=WYjJa4CCqWDJKr%2Bh4EDoW5szboI%3D&from=2064092626&se=false&sc=thumb&biz_tag=aweme_comment&l=20231013015208C7EE95F052728837BF26
当父母相继去世，老家就回不去了,4,,广东,
感觉不想回来了……我村里的人个个都别的地方买房了，回来冷冷清清的，小孩子也不认识是哪家的了,4,,广西,
年少的时候总是想着漂泊，年长以后却总是怀念安逸,4,,江苏,
我们的老家，美不？,4,1,福建,https://p26-sign.douyinpic.com/tos-cn-i-p14lwwcsbr/ec3036c28fa34c7ebfb5558cef2226c0~tplv-p14lwwcsbr-1.image?x-expires=1697151600&x-signature=QVNcutfiOAzGjdl248is%2BAl3JF8%3D&from=2064092626&se=false&sc=thumb&biz_tag=aweme_comment&l=20231013015208C7EE95F052728837BF26
只能功成名就回去住住，混不下去不要回去住，免得耳根不清静,4,,云南,
我不认识你说的这几个人,4,,河北,
看着对面的一人一犬一群羊，什么都不想，就这么看着，村里的安逸是城市所没有的,4,,河北,https://p11-sign.douyinpic.com/tos-cn-i-p14lwwcsbr/d0a9d9389c0d44b7865cc3ba54d68de0~tplv-p14lwwcsbr-1.image?x-expires=1697151600&x-signature=3jzvaOTYZ%2FHR3%2FCJ92OL4iFX2qo%3D&from=2064092626&se=false&sc=thumb&biz_tag=aweme_comment&l=20231013015208C7EE95F052728837BF26
对于远嫁的我没有老家，娘家回不去，婚姻不幸福，不知道该回哪里,4,,浙江,
老家有很多治愈的地方，前提是不用干农活家务，不用面对不讲理的亲戚，不用听闲言碎语,4,,湖南,
,4,,安徽,https://p26-sign.douyinpic.com/tos-cn-i-p14lwwcsbr/9f0649a95eb648518ca4d8d844068b60~tplv-p14lwwcsbr-1.image?x-expires=1697151600&x-signature=t1k81BHRmiU5PcCeOzm7Rg%2FhIlg%3D&from=2064092626&se=false&sc=thumb&biz_tag=aweme_comment&l=20231013015208C7EE95F052728837BF26
农村的包容性没有城市大，现在的农村已经不是我们小时候那模样了，谁家有点什么全村都知道背后议论不休，在城市谁不认识谁不打听谁的过去不嚼舌根，,4,1,江西,
儿时的快乐再也找不回了,4,,河北,
在父母身边才是最放松的时候，刚离婚时候回家待个把月我不但没瘦还胖了几斤,4,,安徽,
有钱回老家才能治愈，没钱不行,4,,四川,
治愈吧,4,,河南,https://p3-sign.douyinpic.com/tos-cn-i-p14lwwcsbr/b67162d9028b46dfa340e70b2c2f5e65~tplv-p14lwwcsbr-1.image?x-expires=1697151600&x-signature=wqAIvfbaxIA%2Fvl1u6zAsZfZ0U2k%3D&from=2064092626&se=false&sc=thumb&biz_tag=aweme_comment&l=202310130152100138108AC700354575BD
远嫁 回老家呆了一个月 爸妈因为在外地有事没回老家 我一个人带着娃在老家住了一个月 路和房子都重新铺盖过了 一遍一遍走着小时候走过的路 只有记忆里的童年了 小时候觉得很长很远的路 现在觉得好近好近 几步就到了,4,,山西,https://p26-sign.douyinpic.com/tos-cn-i-p14lwwcsbr/7836ea13d7ef4e689515ff6f64b19025~tplv-p14lwwcsbr-1.image?x-expires=1697151600&x-signature=hIu%2Bs5IUJMPJBfq1WwzRvFyKOEM%3D&from=2064092626&se=false&sc=thumb&biz_tag=aweme_comment&l=202310130152100138108AC700354575BD
,4,1,陕西,https://p26-sign.douyinpic.com/tos-cn-i-p14lwwcsbr/09467b1e98cb4010989daa7cf611c20f~tplv-p14lwwcsbr-1.image?x-expires=1697151600&x-signature=IpQ9pTA8jgbC38pVk9zAFVDx%2BZ8%3D&from=2064092626&se=false&sc=thumb&biz_tag=aweme_comment&l=202310130152100138108AC700354575BD
爷爷奶奶都没了，曾经的那个家再也回不去了，回去了，好多人都不认识，人家也不认识我了，偶尔回去一次，站在路口，看着一个一个房子，一条条街道，都是回忆啊！可再也回不去了。,4,,陕西,
老家的爷爷奶奶没了，外公也走了，只剩外婆在，爸爸妈妈也搬到村集中房里。三十岁后，“老家”已然不在了。,4,,安徽,
回不去了，过节儿子说妈妈舅舅家弟弟妹妹都回老家了，我们不回吗？我说那不是我们的老家，现在住的才是我们的家。他说那是你小时候到长大的家啊是啊，那是我以前唯一的家，现在不是了！,4,,江苏,
我很厌恶我的家乡，甚至害怕不敢回，亲戚朋友的勾心斗角，同村人的闲言碎语，伤透人心，还是在外面吧，毕竟没有人认识我,4,3,山东,
我不喜欢回到娘家村里，那里的人势力、勾心斗角。现在自己的家，倒是比较舒服，生活随意,4,,福建,
好怀念以前的感觉,4,,山东,https://p3-sign.douyinpic.com/tos-cn-i-p14lwwcsbr/6da81357485245a6a51e6524e4e4ad7d~tplv-p14lwwcsbr-1.image?x-expires=1697151600&x-signature=09vFh0G9sxFtVEFgXRQK8dITSbE%3D&from=2064092626&se=false&sc=thumb&biz_tag=aweme_comment&l=202310130152100138108AC700354575BD
有没有和我一样努力过了，却一无所获的，家庭事业什么都没管理好的无助，心里的哭无人能说,4,,内蒙古,
这个视频拍到想家了,4,1,四川,
人到了年纪了，回娘家看到曾经讨厌的八卦婆们也非常的亲，想他们都活个大岁数，因他们的存在见证了我的曾经，小孩都不认识，年轻人各奔东西，唯有这些老人,4,,河南,
让我想起了蓝色生死恋,4,,山西,
农村我个人感觉不好，住不惯。旱厕脏，有蚊子，有蜘蛛，有壁虎，道路窄，晒粮食的把路占了，骑电动车的在马路上横冲直撞，衣服脏的快，鞋子也脏的快一天一擦，冬天没暖气。家家户户小二楼盖的一个比一个高，可是进入房间后，显得特别空旷，天花板太高了。我还是喜欢城市,4,3,河南,
没有家的我既是外人也是客人，何来家一说,4,,广东,
,4,,江苏,https://p9-sign.douyinpic.com/tos-cn-i-p14lwwcsbr/78c921f8ee6f487c9a8c7aa2787c264d~tplv-p14lwwcsbr-1.image?x-expires=1697151600&x-signature=URQXtjLVqWa5nS1ft0PEsZj1TEI%3D&from=2064092626&se=false&sc=thumb&biz_tag=aweme_comment&l=202310130152100138108AC700354575BD
回不去的年少时光！,4,,陕西,
回家后发现以前的长辈相继离世了，路上的小朋友一个都不认识，童年的小伙伴早已各奔东西，那种孤独感落寞感涌上心头，所以，我们怀念的不是那个地方，而是存在于脑海里的记忆，那回不去的童年时光！,4,1,四川,
女孩子是没有老家回的……,4,1,广西,
现在的老家已经不在治愈了，反而是我的伤痛，讨厌那些七嘴八舌的人,4,,安徽,
,4,,安徽,https://p3-sign.douyinpic.com/tos-cn-i-p14lwwcsbr/7a7c4c3fb5a84411b39fbe05c0d0c9af~tplv-p14lwwcsbr-1.image?x-expires=1697151600&x-signature=XIme6mQaI9Kw%2FiEPeX9KPecKP7s%3D&from=2064092626&se=false&sc=thumb&biz_tag=aweme_comment&l=202310130152122DECAE6A8DE6D23015AF
,4,,重庆,https://p26-sign.douyinpic.com/tos-cn-i-p14lwwcsbr/df05c8e3a40442a2be1183d640c4dd78~tplv-p14lwwcsbr-1.image?x-expires=1697151600&x-signature=rz%2F%2BL2GatFmd7ILtJBu%2FMMtg%2BYU%3D&from=2064092626&se=false&sc=thumb&biz_tag=aweme_comment&l=202310130152122DECAE6A8DE6D23015AF
说了可能你们不信，我不喜欢住城里，我喜欢住农村，农村生活节奏慢，消费低，幸福感强一些，,4,,湖北,
这路边，我能坐一天，35岁，关心我的人越来越少了,4,,重庆,
说实话并没有觉得农村有多好，家长里短互相攀比，我还是喜欢在外面住，出门不用见人打招呼,4,,山东,
真的回了老家你才会发现，我们怀念的不是老家，是回不去的小时候,4,,上海,
除了大旱厕我受不了，简直是天堂一样，早上的小雾，傍晚烧柴火的炊烟，小卖铺10块钱的bb枪，爷爷奶奶给好吃的，干了的河沟土坡,4,,山东,
和爸爸所有的回忆都在这里。但是它塌了。,4,,浙江,https://p6-sign.douyinpic.com/tos-cn-i-p14lwwcsbr/9d19cfb1b6ae4adf98c4ded5fd3d813b~tplv-p14lwwcsbr-1.image?x-expires=1697151600&x-signature=SHYPV7WY4rA6eLbMM%2BziYllL0Ec%3D&from=2064092626&se=false&sc=thumb&biz_tag=aweme_comment&l=202310130152122DECAE6A8DE6D23015AF
现在农村真的只剩老人了吗？年轻人都去城里打工了，有条件的接走了孩子，只有老人坚守祖宅,4,,北京,
每次带儿子回老家，总是领着儿子晨跑，想在儿子的脑海里刻下家乡的痕迹，希望在他成人后会对这里充满了热爱！,4,,河北,https://p11-sign.douyinpic.com/tos-cn-i-p14lwwcsbr/e3cfb79df6c54f44ad0f85f412c15f9b~tplv-p14lwwcsbr-1.image?x-expires=1697151600&x-signature=5Tj0p%2FdxZLCWM3OIbaI6A8YOIHI%3D&from=2064092626&se=false&sc=thumb&biz_tag=aweme_comment&l=202310130152122DECAE6A8DE6D23015AF
如果认识的人没几个了，你对于老家，老家对于你都是陌生的。,4,,辽宁,
童年里田地之间的河，一边游泳，一边玩，一边啃着旁边地里的西瓜。,4,,浙江,https://p6-sign.douyinpic.com/tos-cn-i-p14lwwcsbr/5147a954a906423fb4d3410a3830c9f8~tplv-p14lwwcsbr-1.image?x-expires=1697151600&x-signature=eg7dJx%2B78LZ%2FfMv23luGdkTQqz0%3D&from=2064092626&se=false&sc=thumb&biz_tag=aweme_comment&l=202310130152122DECAE6A8DE6D23015AF
真是人间仙境,4,,上海,
这个风格的视频挺好的,4,,浙江,
好像我家那边的小路,4,1,山东,
奶奶家 晚上真的睡得特别踏实,4,,山东,https://p11-sign.douyinpic.com/tos-cn-i-p14lwwcsbr/bc124979ce8341b0b9d988e228245f7c~tplv-p14lwwcsbr-1.image?x-expires=1697151600&x-signature=iKVmk5bYVZu%2B3BRKK1xYJQrEHGI%3D&from=2064092626&se=false&sc=thumb&biz_tag=aweme_comment&l=202310130152122DECAE6A8DE6D23015AF
我也回老家了,4,,内蒙古,https://p3-sign.douyinpic.com/tos-cn-i-p14lwwcsbr/d45fbffdcf42429e8b4295dca519a717~tplv-p14lwwcsbr-1.image?x-expires=1697151600&x-signature=xHf9eH5XV%2FL8mk2WOQDyVnnFMRA%3D&from=2064092626&se=false&sc=thumb&biz_tag=aweme_comment&l=202310130152122DECAE6A8DE6D23015AF
现在回老家的次数越来越多，过几天又要回去了，晚饭后都会陪父母在村里小路上溜达溜达。也很少玩手机，躺椅上躺一躺，陪父母聊聊天，感觉挺好的。,4,,江苏,
不是所有人都有机会回到故乡的，比如嫁出去的女儿，想回去也只能是亲戚小住几天了,4,,江西,
端午节回家拍的,4,,河南,https://p3-sign.douyinpic.com/tos-cn-i-p14lwwcsbr/72e23e22ab7f48a4901220843b55a2a3~tplv-p14lwwcsbr-1.image?x-expires=1697151600&x-signature=a71f9%2FljYRCe%2BQIldEE5p%2BLqJTg%3D&from=2064092626&se=false&sc=thumb&biz_tag=aweme_comment&l=20231013015214E52B05457119012D2FF5
我期待的是那个童年的时光，每次虽然都很想回家，但是回家之后过两天就感觉无聊了,4,,广东,
音乐一响起，蓝色生死恋涌上心头,4,,浙江,
老家生活不干农活就是幸福的  干农活能累死活路是一茬接一茬的,4,,重庆,
早就累了，但是没有钱不敢回去。有钱家乡是净土，没钱家乡净是土,4,,广东,
看着真的好舒服，现在条件好了，好想回去过这样的生活,4,,浙江,
曾经在农村的时候，看着周围邻居为了一亩三分地吵架割孽，却是那种谁家有事帮忙最积极的。在城里后，与邻居相安无事，却是那种谁也不认识谁的,4,,四川,
你看看，我想回家吗我隔老远，我都感觉我身败名裂了,4,2,海南,https://p3-sign.douyinpic.com/tos-cn-i-p14lwwcsbr/c5f2f0a4957c49acbe471b0986925925~tplv-p14lwwcsbr-1.image?x-expires=1697151600&x-signature=0uJdaXqO06k%2FPRuEt5rseV7TfEs%3D&from=2064092626&se=false&sc=thumb&biz_tag=aweme_comment&l=20231013015214E52B05457119012D2FF5
也是很悲伤的地方，回家就会有人说你在外混不下去了，,4,,浙江,
可是现在出生在城市的小朋友，都不会再有老家的感觉了吧,4,1,黑龙江,
在城市待久了也待腻了，等我老了就回到生我养我的地方、感觉哪里都没有家里好！,4,,安徽,
在老家，每天早上公鸡打鸣声、鸭叫声、狗吠声，循环传送到我耳朵,4,,广东,
一看就知道是河南，因为我们这边没有那么大块的地,4,3,浙江,
好想念小时候被爸妈拿着鞭子抽打的日子,4,1,浙江,
小时候的事情一直刻在脑子里，虽然没有留下什么照片，但每天都能梦见小时候的点点滴滴，有像我一样的人吗？,4,,湖南,
可是我没有老家了,4,,河南,
我也想回老家去看姥姥，但是姥姥不在了，那乡间的小路通向记忆的深处,4,,河北,
累了回来住住，然后被说闲话,4,,广东,
西北小小县城，去年除夕之前的街景，我好想家,4,,海南,https://p26-sign.douyinpic.com/tos-cn-i-p14lwwcsbr/2e1f0d9885544985a3c96cf37111bcb4~tplv-p14lwwcsbr-1.image?x-expires=1697151600&x-signature=1G0Xuwfx%2FdjKdj6hZ2Fr%2BlwdUaY%3D&from=2064092626&se=false&sc=thumb&biz_tag=aweme_comment&l=20231013015214E52B05457119012D2FF5
